lab,subid,subid_unique,trial_order,trial_num,trial_type,stimulus_num,method,age_days,age_mo,age_group,nae,gender,second_session,looking_time,missing
babylabumassb,mbpumb001122522,babylabumassb:mbpumb001122522,1,1,IDS,1,eyetracking,352,11.564681724845997,9-12 mo,TRUE,F,TRUE,12.55,FALSE
babylabumassb,mbpumb007082569,babylabumassb:mbpumb007082569,3,1,IDS,5,eyetracking,256,8.410677618069816,6-9 mo,TRUE,F,TRUE,16.4267,FALSE
babylabumassb,mbpumb029102634,babylabumassb:mbpumb029102634,1,1,IDS,1,eyetracking,291,9.560574948665298,9-12 mo,TRUE,M,TRUE,8.4333,FALSE
babylabumassb,mbpumb039112655,babylabumassb:mbpumb039112655,3,1,IDS,5,eyetracking,348,11.433264887063656,9-12 mo,TRUE,M,TRUE,7.9667,FALSE
babylabutrecht,804,babylabutrecht:804,4,1,ADS,5,hpp,272,8.936344969199178,6-9 mo,FALSE,M,TRUE,16.632828,FALSE
babylabutrecht,807,babylabutrecht:807,3,1,IDS,5,hpp,256,8.410677618069816,6-9 mo,FALSE,M,TRUE,15.956142,FALSE
babylabutrecht,808,babylabutrecht:808,4,1,ADS,5,hpp,248,8.147843942505133,6-9 mo,FALSE,M,TRUE,17.999383,FALSE
babylingoslo,os022,babylingoslo:os022,1,1,IDS,1,eyetracking,239,7.852156057494867,6-9 mo,FALSE,M,TRUE,2.37,FALSE
babylingoslo,os025,babylingoslo:os025,1,1,IDS,1,eyetracking,221,7.260780287474333,6-9 mo,FALSE,F,TRUE,2.07,FALSE
babylingoslo,os026,babylingoslo:os026,1,1,IDS,1,eyetracking,268,8.804928131416839,6-9 mo,FALSE,M,TRUE,NA,TRUE
babylingoslo,os028,babylingoslo:os028,3,1,IDS,5,eyetracking,218,7.162217659137577,6-9 mo,FALSE,M,TRUE,NA,TRUE
babylingoslo,os029,babylingoslo:os029,4,1,ADS,5,eyetracking,267,8.772073921971252,6-9 mo,FALSE,F,TRUE,NA,TRUE
babylingoslo,os030,babylingoslo:os030,2,1,ADS,1,eyetracking,243,7.983572895277208,6-9 mo,FALSE,M,TRUE,NA,TRUE
babylingoslo,os031,babylingoslo:os031,3,1,IDS,5,eyetracking,249,8.180698151950718,6-9 mo,FALSE,F,TRUE,9.15,FALSE
babylingoslo,os032,babylingoslo:os032,4,1,ADS,5,eyetracking,245,8.049281314168377,6-9 mo,FALSE,M,TRUE,8.1,FALSE
babylingoslo,os033,babylingoslo:os033,1,1,IDS,1,eyetracking,184,6.04517453798768,6-9 mo,FALSE,M,TRUE,NA,TRUE
babylingoslo,os034,babylingoslo:os034,2,1,ADS,1,eyetracking,184,6.04517453798768,6-9 mo,FALSE,F,TRUE,NA,TRUE
babylingoslo,os035,babylingoslo:os035,3,1,IDS,5,eyetracking,184,6.04517453798768,6-9 mo,FALSE,F,TRUE,NA,TRUE
babylingoslo,os036,babylingoslo:os036,4,1,ADS,5,eyetracking,186,6.11088295687885,6-9 mo,FALSE,F,TRUE,NA,TRUE
babylingoslo,os038,babylingoslo:os038,3,1,IDS,5,eyetracking,238,7.819301848049282,6-9 mo,FALSE,M,TRUE,4.96,FALSE
babylingoslo,os039,babylingoslo:os039,4,1,ADS,5,eyetracking,188,6.176591375770021,6-9 mo,FALSE,M,TRUE,NA,TRUE
babylingoslo,os040,babylingoslo:os040,2,1,ADS,1,eyetracking,194,6.373716632443532,6-9 mo,FALSE,M,TRUE,7.9,FALSE
babylingoslo,os041,babylingoslo:os041,2,1,ADS,1,eyetracking,236,7.753593429158111,6-9 mo,FALSE,M,TRUE,NA,TRUE
cfnuofn,cflgts,cfnuofn:cflgts,2,1,ADS,1,eyetracking,387,12.714579055441478,12-15 mo,FALSE,F,TRUE,5.08,FALSE
cfnuofn,cfn007,cfnuofn:cfn007,2,1,ADS,1,eyetracking,205,6.7351129363449695,6-9 mo,FALSE,M,TRUE,4.46,FALSE
cfnuofn,cfn008,cfnuofn:cfn008,4,1,ADS,5,eyetracking,192,6.308008213552362,6-9 mo,FALSE,F,TRUE,17.37,FALSE
cfnuofn,cfn017,cfnuofn:cfn017,2,1,ADS,1,eyetracking,188,6.176591375770021,6-9 mo,FALSE,F,TRUE,NA,TRUE
cfnuofn,cfn020,cfnuofn:cfn020,1,1,IDS,1,eyetracking,178,5.848049281314168,3-6 mo,FALSE,F,TRUE,15.48,FALSE
cfnuofn,cfn025,cfnuofn:cfn025,3,1,IDS,5,eyetracking,190,6.242299794661191,6-9 mo,FALSE,F,TRUE,4.92,FALSE
cfnuofn,cfn047,cfnuofn:cfn047,3,1,IDS,5,eyetracking,371,12.188911704312115,12-15 mo,FALSE,M,TRUE,3.87,FALSE
cfnuofn,cfnaew,cfnuofn:cfnaew,1,1,IDS,1,eyetracking,383,12.583162217659138,12-15 mo,FALSE,F,TRUE,9.62,FALSE
cfnuofn,cfnbfi12m,cfnuofn:cfnbfi12m,3,1,IDS,5,eyetracking,416,13.66735112936345,12-15 mo,FALSE,M,TRUE,5.01,FALSE
cfnuofn,cfngrn,cfnuofn:cfngrn,3,1,IDS,5,eyetracking,383,12.583162217659138,12-15 mo,FALSE,M,TRUE,NA,TRUE
cfnuofn,cfnjfl6m,cfnuofn:cfnjfl6m,4,1,ADS,5,eyetracking,195,6.406570841889117,6-9 mo,FALSE,M,TRUE,15.31,FALSE
cfnuofn,cfnkji,cfnuofn:cfnkji,4,1,ADS,5,eyetracking,406,13.338809034907598,12-15 mo,FALSE,F,TRUE,10.11,FALSE
cfnuofn,cfnois,cfnuofn:cfnois,3,1,IDS,5,eyetracking,190,6.242299794661191,6-9 mo,FALSE,M,TRUE,5.66,FALSE
cfnuofn,cfnuex,cfnuofn:cfnuex,2,1,ADS,1,eyetracking,392,12.878850102669405,12-15 mo,FALSE,M,TRUE,17.07,FALSE
cfnuofn,cfnxpp12,cfnuofn:cfnxpp12,3,1,IDS,5,eyetracking,391,12.845995893223819,12-15 mo,FALSE,F,TRUE,13.27,FALSE
infantcogubc,lf22,infantcogubc:lf22,3,1,IDS,5,singlescreen,146,4.7967145790554415,3-6 mo,TRUE,M,TRUE,9.1,FALSE
infantstudiesubc,mbm10,infantstudiesubc:mbm10,2,1,IDS,5,hpp,227,7.457905544147844,6-9 mo,TRUE,M,TRUE,13.27993333,FALSE
infantstudiesubc,mbm7,infantstudiesubc:mbm7,3,1,IDS,5,hpp,228,7.490759753593429,6-9 mo,TRUE,M,TRUE,17.017,FALSE
babylabumassb,mbpumb001122522,babylabumassb:mbpumb001122522,1,2,ADS,1,eyetracking,352,11.564681724845997,9-12 mo,TRUE,F,TRUE,13.6367,FALSE
babylabumassb,mbpumb007082569,babylabumassb:mbpumb007082569,3,2,ADS,5,eyetracking,256,8.410677618069816,6-9 mo,TRUE,F,TRUE,3.8633,FALSE
babylabumassb,mbpumb029102634,babylabumassb:mbpumb029102634,1,2,ADS,1,eyetracking,291,9.560574948665298,9-12 mo,TRUE,M,TRUE,NA,TRUE
babylabumassb,mbpumb039112655,babylabumassb:mbpumb039112655,3,2,ADS,5,eyetracking,348,11.433264887063656,9-12 mo,TRUE,M,TRUE,2.3333,FALSE
babylabutrecht,804,babylabutrecht:804,4,2,IDS,5,hpp,272,8.936344969199178,6-9 mo,FALSE,M,TRUE,9.041354,FALSE
babylabutrecht,807,babylabutrecht:807,3,2,ADS,5,hpp,256,8.410677618069816,6-9 mo,FALSE,M,TRUE,16.517451,FALSE
babylabutrecht,808,babylabutrecht:808,4,2,IDS,5,hpp,248,8.147843942505133,6-9 mo,FALSE,M,TRUE,14.73152,FALSE
babylingoslo,os022,babylingoslo:os022,1,2,ADS,1,eyetracking,239,7.852156057494867,6-9 mo,FALSE,M,TRUE,NA,TRUE
babylingoslo,os025,babylingoslo:os025,1,2,ADS,1,eyetracking,221,7.260780287474333,6-9 mo,FALSE,F,TRUE,NA,TRUE
babylingoslo,os026,babylingoslo:os026,1,2,ADS,1,eyetracking,268,8.804928131416839,6-9 mo,FALSE,M,TRUE,2.82,FALSE
babylingoslo,os028,babylingoslo:os028,3,2,ADS,5,eyetracking,218,7.162217659137577,6-9 mo,FALSE,M,TRUE,NA,TRUE
babylingoslo,os029,babylingoslo:os029,4,2,IDS,5,eyetracking,267,8.772073921971252,6-9 mo,FALSE,F,TRUE,NA,TRUE
babylingoslo,os030,babylingoslo:os030,2,2,IDS,1,eyetracking,243,7.983572895277208,6-9 mo,FALSE,M,TRUE,7.37,FALSE
babylingoslo,os031,babylingoslo:os031,3,2,ADS,5,eyetracking,249,8.180698151950718,6-9 mo,FALSE,F,TRUE,2.32,FALSE
babylingoslo,os032,babylingoslo:os032,4,2,IDS,5,eyetracking,245,8.049281314168377,6-9 mo,FALSE,M,TRUE,5.16,FALSE
babylingoslo,os033,babylingoslo:os033,1,2,ADS,1,eyetracking,184,6.04517453798768,6-9 mo,FALSE,M,TRUE,NA,TRUE
babylingoslo,os034,babylingoslo:os034,2,2,IDS,1,eyetracking,184,6.04517453798768,6-9 mo,FALSE,F,TRUE,NA,TRUE
babylingoslo,os035,babylingoslo:os035,3,2,ADS,5,eyetracking,184,6.04517453798768,6-9 mo,FALSE,F,TRUE,NA,TRUE
babylingoslo,os036,babylingoslo:os036,4,2,IDS,5,eyetracking,186,6.11088295687885,6-9 mo,FALSE,F,TRUE,NA,TRUE
babylingoslo,os038,babylingoslo:os038,3,2,ADS,5,eyetracking,238,7.819301848049282,6-9 mo,FALSE,M,TRUE,2.01,FALSE
babylingoslo,os039,babylingoslo:os039,4,2,IDS,5,eyetracking,188,6.176591375770021,6-9 mo,FALSE,M,TRUE,NA,TRUE
babylingoslo,os040,babylingoslo:os040,2,2,IDS,1,eyetracking,194,6.373716632443532,6-9 mo,FALSE,M,TRUE,3.33,FALSE
babylingoslo,os041,babylingoslo:os041,2,2,IDS,1,eyetracking,236,7.753593429158111,6-9 mo,FALSE,M,TRUE,NA,TRUE
cfnuofn,cflgts,cfnuofn:cflgts,2,2,IDS,1,eyetracking,387,12.714579055441478,12-15 mo,FALSE,F,TRUE,4.91,FALSE
cfnuofn,cfn007,cfnuofn:cfn007,2,2,IDS,1,eyetracking,205,6.7351129363449695,6-9 mo,FALSE,M,TRUE,NA,TRUE
cfnuofn,cfn008,cfnuofn:cfn008,4,2,IDS,5,eyetracking,192,6.308008213552362,6-9 mo,FALSE,F,TRUE,14.74,FALSE
cfnuofn,cfn017,cfnuofn:cfn017,2,2,IDS,1,eyetracking,188,6.176591375770021,6-9 mo,FALSE,F,TRUE,NA,TRUE
cfnuofn,cfn020,cfnuofn:cfn020,1,2,ADS,1,eyetracking,178,5.848049281314168,3-6 mo,FALSE,F,TRUE,18,FALSE
cfnuofn,cfn025,cfnuofn:cfn025,3,2,ADS,5,eyetracking,190,6.242299794661191,6-9 mo,FALSE,F,TRUE,8.77,FALSE
cfnuofn,cfn047,cfnuofn:cfn047,3,2,ADS,5,eyetracking,371,12.188911704312115,12-15 mo,FALSE,M,TRUE,4.74,FALSE
cfnuofn,cfnaew,cfnuofn:cfnaew,1,2,ADS,1,eyetracking,383,12.583162217659138,12-15 mo,FALSE,F,TRUE,4.73,FALSE
cfnuofn,cfnbfi12m,cfnuofn:cfnbfi12m,3,2,ADS,5,eyetracking,416,13.66735112936345,12-15 mo,FALSE,M,TRUE,2.02,FALSE
cfnuofn,cfngrn,cfnuofn:cfngrn,3,2,ADS,5,eyetracking,383,12.583162217659138,12-15 mo,FALSE,M,TRUE,NA,TRUE
cfnuofn,cfnjfl6m,cfnuofn:cfnjfl6m,4,2,IDS,5,eyetracking,195,6.406570841889117,6-9 mo,FALSE,M,TRUE,4.63,FALSE
cfnuofn,cfnkji,cfnuofn:cfnkji,4,2,IDS,5,eyetracking,406,13.338809034907598,12-15 mo,FALSE,F,TRUE,9.7,FALSE
cfnuofn,cfnois,cfnuofn:cfnois,3,2,ADS,5,eyetracking,190,6.242299794661191,6-9 mo,FALSE,M,TRUE,6.68,FALSE
cfnuofn,cfnuex,cfnuofn:cfnuex,2,2,IDS,1,eyetracking,392,12.878850102669405,12-15 mo,FALSE,M,TRUE,8.02,FALSE
cfnuofn,cfnxpp12,cfnuofn:cfnxpp12,3,2,ADS,5,eyetracking,391,12.845995893223819,12-15 mo,FALSE,F,TRUE,3.22,FALSE
infantcogubc,lf22,infantcogubc:lf22,3,2,ADS,5,singlescreen,146,4.7967145790554415,3-6 mo,TRUE,M,TRUE,10.48,FALSE
infantstudiesubc,mbm10,infantstudiesubc:mbm10,2,2,ADS,5,hpp,227,7.457905544147844,6-9 mo,TRUE,M,TRUE,4.5045,FALSE
infantstudiesubc,mbm7,infantstudiesubc:mbm7,3,2,ADS,5,hpp,228,7.490759753593429,6-9 mo,TRUE,M,TRUE,7.874533333,FALSE
babylabumassb,mbpumb001122522,babylabumassb:mbpumb001122522,1,3,IDS,2,eyetracking,352,11.564681724845997,9-12 mo,TRUE,F,TRUE,10.2967,FALSE
babylabumassb,mbpumb007082569,babylabumassb:mbpumb007082569,3,3,ADS,7,eyetracking,256,8.410677618069816,6-9 mo,TRUE,F,TRUE,3.97,FALSE
babylabumassb,mbpumb029102634,babylabumassb:mbpumb029102634,1,3,IDS,2,eyetracking,291,9.560574948665298,9-12 mo,TRUE,M,TRUE,3.3267,FALSE
babylabumassb,mbpumb039112655,babylabumassb:mbpumb039112655,3,3,ADS,7,eyetracking,348,11.433264887063656,9-12 mo,TRUE,M,TRUE,3.9,FALSE
babylabutrecht,804,babylabutrecht:804,4,3,IDS,7,hpp,272,8.936344969199178,6-9 mo,FALSE,M,TRUE,NA,TRUE
babylabutrecht,807,babylabutrecht:807,3,3,ADS,7,hpp,256,8.410677618069816,6-9 mo,FALSE,M,TRUE,3.789701,FALSE
babylabutrecht,808,babylabutrecht:808,4,3,IDS,7,hpp,248,8.147843942505133,6-9 mo,FALSE,M,TRUE,14.110999,FALSE
babylingoslo,os022,babylingoslo:os022,1,3,IDS,2,eyetracking,239,7.852156057494867,6-9 mo,FALSE,M,TRUE,2.68,FALSE
babylingoslo,os025,babylingoslo:os025,1,3,IDS,2,eyetracking,221,7.260780287474333,6-9 mo,FALSE,F,TRUE,NA,TRUE
babylingoslo,os026,babylingoslo:os026,1,3,IDS,2,eyetracking,268,8.804928131416839,6-9 mo,FALSE,M,TRUE,3.19,FALSE
babylingoslo,os028,babylingoslo:os028,3,3,ADS,7,eyetracking,218,7.162217659137577,6-9 mo,FALSE,M,TRUE,NA,TRUE
babylingoslo,os029,babylingoslo:os029,4,3,IDS,7,eyetracking,267,8.772073921971252,6-9 mo,FALSE,F,TRUE,NA,TRUE
babylingoslo,os030,babylingoslo:os030,2,3,ADS,2,eyetracking,243,7.983572895277208,6-9 mo,FALSE,M,TRUE,NA,TRUE
babylingoslo,os031,babylingoslo:os031,3,3,ADS,7,eyetracking,249,8.180698151950718,6-9 mo,FALSE,F,TRUE,6.56,FALSE
babylingoslo,os032,babylingoslo:os032,4,3,IDS,7,eyetracking,245,8.049281314168377,6-9 mo,FALSE,M,TRUE,8.11,FALSE
babylingoslo,os033,babylingoslo:os033,1,3,IDS,2,eyetracking,184,6.04517453798768,6-9 mo,FALSE,M,TRUE,NA,TRUE
babylingoslo,os034,babylingoslo:os034,2,3,ADS,2,eyetracking,184,6.04517453798768,6-9 mo,FALSE,F,TRUE,4.07,FALSE
babylingoslo,os035,babylingoslo:os035,3,3,ADS,7,eyetracking,184,6.04517453798768,6-9 mo,FALSE,F,TRUE,NA,TRUE
babylingoslo,os036,babylingoslo:os036,4,3,IDS,7,eyetracking,186,6.11088295687885,6-9 mo,FALSE,F,TRUE,NA,TRUE
babylingoslo,os038,babylingoslo:os038,3,3,ADS,7,eyetracking,238,7.819301848049282,6-9 mo,FALSE,M,TRUE,4.49,FALSE
babylingoslo,os039,babylingoslo:os039,4,3,IDS,7,eyetracking,188,6.176591375770021,6-9 mo,FALSE,M,TRUE,NA,TRUE
babylingoslo,os040,babylingoslo:os040,2,3,ADS,2,eyetracking,194,6.373716632443532,6-9 mo,FALSE,M,TRUE,2.06,FALSE
babylingoslo,os041,babylingoslo:os041,2,3,ADS,2,eyetracking,236,7.753593429158111,6-9 mo,FALSE,M,TRUE,NA,TRUE
cfnuofn,cflgts,cfnuofn:cflgts,2,3,ADS,2,eyetracking,387,12.714579055441478,12-15 mo,FALSE,F,TRUE,4.77,FALSE
cfnuofn,cfn007,cfnuofn:cfn007,2,3,ADS,2,eyetracking,205,6.7351129363449695,6-9 mo,FALSE,M,TRUE,NA,TRUE
cfnuofn,cfn008,cfnuofn:cfn008,4,3,IDS,7,eyetracking,192,6.308008213552362,6-9 mo,FALSE,F,TRUE,18,FALSE
cfnuofn,cfn017,cfnuofn:cfn017,2,3,ADS,2,eyetracking,188,6.176591375770021,6-9 mo,FALSE,F,TRUE,3.61,FALSE
cfnuofn,cfn020,cfnuofn:cfn020,1,3,IDS,2,eyetracking,178,5.848049281314168,3-6 mo,FALSE,F,TRUE,15.84,FALSE
cfnuofn,cfn025,cfnuofn:cfn025,3,3,ADS,7,eyetracking,190,6.242299794661191,6-9 mo,FALSE,F,TRUE,8.5,FALSE
cfnuofn,cfn047,cfnuofn:cfn047,3,3,ADS,7,eyetracking,371,12.188911704312115,12-15 mo,FALSE,M,TRUE,NA,TRUE
cfnuofn,cfnaew,cfnuofn:cfnaew,1,3,IDS,2,eyetracking,383,12.583162217659138,12-15 mo,FALSE,F,TRUE,4.07,FALSE
cfnuofn,cfnbfi12m,cfnuofn:cfnbfi12m,3,3,ADS,7,eyetracking,416,13.66735112936345,12-15 mo,FALSE,M,TRUE,5.89,FALSE
cfnuofn,cfngrn,cfnuofn:cfngrn,3,3,ADS,7,eyetracking,383,12.583162217659138,12-15 mo,FALSE,M,TRUE,NA,TRUE
cfnuofn,cfnjfl6m,cfnuofn:cfnjfl6m,4,3,IDS,7,eyetracking,195,6.406570841889117,6-9 mo,FALSE,M,TRUE,5.32,FALSE
cfnuofn,cfnkji,cfnuofn:cfnkji,4,3,IDS,7,eyetracking,406,13.338809034907598,12-15 mo,FALSE,F,TRUE,18,FALSE
cfnuofn,cfnois,cfnuofn:cfnois,3,3,ADS,7,eyetracking,190,6.242299794661191,6-9 mo,FALSE,M,TRUE,3.59,FALSE
cfnuofn,cfnuex,cfnuofn:cfnuex,2,3,ADS,2,eyetracking,392,12.878850102669405,12-15 mo,FALSE,M,TRUE,4.81,FALSE
cfnuofn,cfnxpp12,cfnuofn:cfnxpp12,3,3,ADS,7,eyetracking,391,12.845995893223819,12-15 mo,FALSE,F,TRUE,NA,TRUE
infantstudiesubc,mbm10,infantstudiesubc:mbm10,2,3,ADS,7,hpp,227,7.457905544147844,6-9 mo,TRUE,M,TRUE,11.47813333,FALSE
infantstudiesubc,mbm7,infantstudiesubc:mbm7,3,3,ADS,7,hpp,228,7.490759753593429,6-9 mo,TRUE,M,TRUE,15.2152,FALSE
babylabumassb,mbpumb001122522,babylabumassb:mbpumb001122522,1,4,ADS,2,eyetracking,352,11.564681724845997,9-12 mo,TRUE,F,TRUE,4.1967,FALSE
babylabumassb,mbpumb007082569,babylabumassb:mbpumb007082569,3,4,IDS,7,eyetracking,256,8.410677618069816,6-9 mo,TRUE,F,TRUE,6.54,FALSE
babylabumassb,mbpumb029102634,babylabumassb:mbpumb029102634,1,4,ADS,2,eyetracking,291,9.560574948665298,9-12 mo,TRUE,M,TRUE,2.4833,FALSE
babylabumassb,mbpumb039112655,babylabumassb:mbpumb039112655,3,4,IDS,7,eyetracking,348,11.433264887063656,9-12 mo,TRUE,M,TRUE,NA,TRUE
babylabutrecht,804,babylabutrecht:804,4,4,ADS,7,hpp,272,8.936344969199178,6-9 mo,FALSE,M,TRUE,3.490633,FALSE
babylabutrecht,807,babylabutrecht:807,3,4,IDS,7,hpp,256,8.410677618069816,6-9 mo,FALSE,M,TRUE,15.480292,FALSE
babylabutrecht,808,babylabutrecht:808,4,4,ADS,7,hpp,248,8.147843942505133,6-9 mo,FALSE,M,TRUE,6.049654,FALSE
babylingoslo,os022,babylingoslo:os022,1,4,ADS,2,eyetracking,239,7.852156057494867,6-9 mo,FALSE,M,TRUE,NA,TRUE
babylingoslo,os025,babylingoslo:os025,1,4,ADS,2,eyetracking,221,7.260780287474333,6-9 mo,FALSE,F,TRUE,NA,TRUE
babylingoslo,os026,babylingoslo:os026,1,4,ADS,2,eyetracking,268,8.804928131416839,6-9 mo,FALSE,M,TRUE,2.85,FALSE
babylingoslo,os028,babylingoslo:os028,3,4,IDS,7,eyetracking,218,7.162217659137577,6-9 mo,FALSE,M,TRUE,NA,TRUE
babylingoslo,os030,babylingoslo:os030,2,4,IDS,2,eyetracking,243,7.983572895277208,6-9 mo,FALSE,M,TRUE,NA,TRUE
babylingoslo,os031,babylingoslo:os031,3,4,IDS,7,eyetracking,249,8.180698151950718,6-9 mo,FALSE,F,TRUE,8.32,FALSE
babylingoslo,os032,babylingoslo:os032,4,4,ADS,7,eyetracking,245,8.049281314168377,6-9 mo,FALSE,M,TRUE,8.01,FALSE
babylingoslo,os033,babylingoslo:os033,1,4,ADS,2,eyetracking,184,6.04517453798768,6-9 mo,FALSE,M,TRUE,NA,TRUE
babylingoslo,os034,babylingoslo:os034,2,4,IDS,2,eyetracking,184,6.04517453798768,6-9 mo,FALSE,F,TRUE,NA,TRUE
babylingoslo,os035,babylingoslo:os035,3,4,IDS,7,eyetracking,184,6.04517453798768,6-9 mo,FALSE,F,TRUE,NA,TRUE
babylingoslo,os036,babylingoslo:os036,4,4,ADS,7,eyetracking,186,6.11088295687885,6-9 mo,FALSE,F,TRUE,NA,TRUE
babylingoslo,os038,babylingoslo:os038,3,4,IDS,7,eyetracking,238,7.819301848049282,6-9 mo,FALSE,M,TRUE,5.57,FALSE
babylingoslo,os039,babylingoslo:os039,4,4,ADS,7,eyetracking,188,6.176591375770021,6-9 mo,FALSE,M,TRUE,NA,TRUE
babylingoslo,os040,babylingoslo:os040,2,4,IDS,2,eyetracking,194,6.373716632443532,6-9 mo,FALSE,M,TRUE,2.73,FALSE
babylingoslo,os041,babylingoslo:os041,2,4,IDS,2,eyetracking,236,7.753593429158111,6-9 mo,FALSE,M,TRUE,NA,TRUE
cfnuofn,cflgts,cfnuofn:cflgts,2,4,IDS,2,eyetracking,387,12.714579055441478,12-15 mo,FALSE,F,TRUE,5.59,FALSE
cfnuofn,cfn007,cfnuofn:cfn007,2,4,IDS,2,eyetracking,205,6.7351129363449695,6-9 mo,FALSE,M,TRUE,NA,TRUE
cfnuofn,cfn008,cfnuofn:cfn008,4,4,ADS,7,eyetracking,192,6.308008213552362,6-9 mo,FALSE,F,TRUE,12.38,FALSE
cfnuofn,cfn017,cfnuofn:cfn017,2,4,IDS,2,eyetracking,188,6.176591375770021,6-9 mo,FALSE,F,TRUE,4.35,FALSE
cfnuofn,cfn020,cfnuofn:cfn020,1,4,ADS,2,eyetracking,178,5.848049281314168,3-6 mo,FALSE,F,TRUE,15.47,FALSE
cfnuofn,cfn025,cfnuofn:cfn025,3,4,IDS,7,eyetracking,190,6.242299794661191,6-9 mo,FALSE,F,TRUE,4.85,FALSE
cfnuofn,cfn047,cfnuofn:cfn047,3,4,IDS,7,eyetracking,371,12.188911704312115,12-15 mo,FALSE,M,TRUE,NA,TRUE
cfnuofn,cfnaew,cfnuofn:cfnaew,1,4,ADS,2,eyetracking,383,12.583162217659138,12-15 mo,FALSE,F,TRUE,6.16,FALSE
cfnuofn,cfnbfi12m,cfnuofn:cfnbfi12m,3,4,IDS,7,eyetracking,416,13.66735112936345,12-15 mo,FALSE,M,TRUE,NA,TRUE
cfnuofn,cfngrn,cfnuofn:cfngrn,3,4,IDS,7,eyetracking,383,12.583162217659138,12-15 mo,FALSE,M,TRUE,NA,TRUE
cfnuofn,cfnjfl6m,cfnuofn:cfnjfl6m,4,4,ADS,7,eyetracking,195,6.406570841889117,6-9 mo,FALSE,M,TRUE,5.21,FALSE
cfnuofn,cfnkji,cfnuofn:cfnkji,4,4,ADS,7,eyetracking,406,13.338809034907598,12-15 mo,FALSE,F,TRUE,6.94,FALSE
cfnuofn,cfnois,cfnuofn:cfnois,3,4,IDS,7,eyetracking,190,6.242299794661191,6-9 mo,FALSE,M,TRUE,8.63,FALSE
cfnuofn,cfnuex,cfnuofn:cfnuex,2,4,IDS,2,eyetracking,392,12.878850102669405,12-15 mo,FALSE,M,TRUE,10.95,FALSE
cfnuofn,cfnxpp12,cfnuofn:cfnxpp12,3,4,IDS,7,eyetracking,391,12.845995893223819,12-15 mo,FALSE,F,TRUE,3.67,FALSE
infantcogubc,lf22,infantcogubc:lf22,3,4,IDS,7,singlescreen,146,4.7967145790554415,3-6 mo,TRUE,M,TRUE,18,FALSE
infantstudiesubc,mbm10,infantstudiesubc:mbm10,2,4,IDS,7,hpp,227,7.457905544147844,6-9 mo,TRUE,M,TRUE,4.070733333,FALSE
infantstudiesubc,mbm7,infantstudiesubc:mbm7,3,4,IDS,7,hpp,228,7.490759753593429,6-9 mo,TRUE,M,TRUE,5.4054,FALSE
babylabumassb,mbpumb001122522,babylabumassb:mbpumb001122522,1,5,ADS,3,eyetracking,352,11.564681724845997,9-12 mo,TRUE,F,TRUE,11.56,FALSE
babylabumassb,mbpumb007082569,babylabumassb:mbpumb007082569,3,5,ADS,1,eyetracking,256,8.410677618069816,6-9 mo,TRUE,F,TRUE,4.91,FALSE
babylabumassb,mbpumb029102634,babylabumassb:mbpumb029102634,1,5,ADS,3,eyetracking,291,9.560574948665298,9-12 mo,TRUE,M,TRUE,NA,TRUE
babylabumassb,mbpumb039112655,babylabumassb:mbpumb039112655,3,5,ADS,1,eyetracking,348,11.433264887063656,9-12 mo,TRUE,M,TRUE,NA,TRUE
babylabutrecht,804,babylabutrecht:804,4,5,IDS,1,hpp,272,8.936344969199178,6-9 mo,FALSE,M,TRUE,5.031381,FALSE
babylabutrecht,807,babylabutrecht:807,3,5,ADS,1,hpp,256,8.410677618069816,6-9 mo,FALSE,M,TRUE,16.501237,FALSE
babylabutrecht,808,babylabutrecht:808,4,5,IDS,1,hpp,248,8.147843942505133,6-9 mo,FALSE,M,TRUE,14.928125,FALSE
babylingoslo,os022,babylingoslo:os022,1,5,ADS,3,eyetracking,239,7.852156057494867,6-9 mo,FALSE,M,TRUE,NA,TRUE
babylingoslo,os025,babylingoslo:os025,1,5,ADS,3,eyetracking,221,7.260780287474333,6-9 mo,FALSE,F,TRUE,NA,TRUE
babylingoslo,os026,babylingoslo:os026,1,5,ADS,3,eyetracking,268,8.804928131416839,6-9 mo,FALSE,M,TRUE,NA,TRUE
babylingoslo,os028,babylingoslo:os028,3,5,ADS,1,eyetracking,218,7.162217659137577,6-9 mo,FALSE,M,TRUE,NA,TRUE
babylingoslo,os029,babylingoslo:os029,4,5,IDS,1,eyetracking,267,8.772073921971252,6-9 mo,FALSE,F,TRUE,NA,TRUE
babylingoslo,os030,babylingoslo:os030,2,5,IDS,3,eyetracking,243,7.983572895277208,6-9 mo,FALSE,M,TRUE,3.99,FALSE
babylingoslo,os031,babylingoslo:os031,3,5,ADS,1,eyetracking,249,8.180698151950718,6-9 mo,FALSE,F,TRUE,NA,TRUE
babylingoslo,os032,babylingoslo:os032,4,5,IDS,1,eyetracking,245,8.049281314168377,6-9 mo,FALSE,M,TRUE,3.18,FALSE
babylingoslo,os033,babylingoslo:os033,1,5,ADS,3,eyetracking,184,6.04517453798768,6-9 mo,FALSE,M,TRUE,NA,TRUE
babylingoslo,os034,babylingoslo:os034,2,5,IDS,3,eyetracking,184,6.04517453798768,6-9 mo,FALSE,F,TRUE,2.28,FALSE
babylingoslo,os035,babylingoslo:os035,3,5,ADS,1,eyetracking,184,6.04517453798768,6-9 mo,FALSE,F,TRUE,NA,TRUE
babylingoslo,os036,babylingoslo:os036,4,5,IDS,1,eyetracking,186,6.11088295687885,6-9 mo,FALSE,F,TRUE,NA,TRUE
babylingoslo,os038,babylingoslo:os038,3,5,ADS,1,eyetracking,238,7.819301848049282,6-9 mo,FALSE,M,TRUE,NA,TRUE
babylingoslo,os039,babylingoslo:os039,4,5,IDS,1,eyetracking,188,6.176591375770021,6-9 mo,FALSE,M,TRUE,NA,TRUE
babylingoslo,os040,babylingoslo:os040,2,5,IDS,3,eyetracking,194,6.373716632443532,6-9 mo,FALSE,M,TRUE,8.81,FALSE
babylingoslo,os041,babylingoslo:os041,2,5,IDS,3,eyetracking,236,7.753593429158111,6-9 mo,FALSE,M,TRUE,NA,TRUE
cfnuofn,cflgts,cfnuofn:cflgts,2,5,IDS,3,eyetracking,387,12.714579055441478,12-15 mo,FALSE,F,TRUE,9.07,FALSE
cfnuofn,cfn007,cfnuofn:cfn007,2,5,IDS,3,eyetracking,205,6.7351129363449695,6-9 mo,FALSE,M,TRUE,NA,TRUE
cfnuofn,cfn008,cfnuofn:cfn008,4,5,IDS,1,eyetracking,192,6.308008213552362,6-9 mo,FALSE,F,TRUE,6.56,FALSE
cfnuofn,cfn017,cfnuofn:cfn017,2,5,IDS,3,eyetracking,188,6.176591375770021,6-9 mo,FALSE,F,TRUE,8.79,FALSE
cfnuofn,cfn020,cfnuofn:cfn020,1,5,ADS,3,eyetracking,178,5.848049281314168,3-6 mo,FALSE,F,TRUE,8.87,FALSE
cfnuofn,cfn025,cfnuofn:cfn025,3,5,ADS,1,eyetracking,190,6.242299794661191,6-9 mo,FALSE,F,TRUE,11.61,FALSE
cfnuofn,cfn047,cfnuofn:cfn047,3,5,ADS,1,eyetracking,371,12.188911704312115,12-15 mo,FALSE,M,TRUE,NA,TRUE
cfnuofn,cfnaew,cfnuofn:cfnaew,1,5,ADS,3,eyetracking,383,12.583162217659138,12-15 mo,FALSE,F,TRUE,4.34,FALSE
cfnuofn,cfnbfi12m,cfnuofn:cfnbfi12m,3,5,ADS,1,eyetracking,416,13.66735112936345,12-15 mo,FALSE,M,TRUE,7.41,FALSE
cfnuofn,cfngrn,cfnuofn:cfngrn,3,5,ADS,1,eyetracking,383,12.583162217659138,12-15 mo,FALSE,M,TRUE,2.73,FALSE
cfnuofn,cfnjfl6m,cfnuofn:cfnjfl6m,4,5,IDS,1,eyetracking,195,6.406570841889117,6-9 mo,FALSE,M,TRUE,6.54,FALSE
cfnuofn,cfnkji,cfnuofn:cfnkji,4,5,IDS,1,eyetracking,406,13.338809034907598,12-15 mo,FALSE,F,TRUE,5.78,FALSE
cfnuofn,cfnois,cfnuofn:cfnois,3,5,ADS,1,eyetracking,190,6.242299794661191,6-9 mo,FALSE,M,TRUE,7.96,FALSE
cfnuofn,cfnuex,cfnuofn:cfnuex,2,5,IDS,3,eyetracking,392,12.878850102669405,12-15 mo,FALSE,M,TRUE,2.37,FALSE
cfnuofn,cfnxpp12,cfnuofn:cfnxpp12,3,5,ADS,1,eyetracking,391,12.845995893223819,12-15 mo,FALSE,F,TRUE,NA,TRUE
infantcogubc,lf22,infantcogubc:lf22,3,5,ADS,1,singlescreen,146,4.7967145790554415,3-6 mo,TRUE,M,TRUE,12.22,FALSE
infantstudiesubc,mbm10,infantstudiesubc:mbm10,2,5,ADS,1,hpp,227,7.457905544147844,6-9 mo,TRUE,M,TRUE,3.1031,FALSE
infantstudiesubc,mbm7,infantstudiesubc:mbm7,3,5,ADS,1,hpp,228,7.490759753593429,6-9 mo,TRUE,M,TRUE,4.371033333,FALSE
babylabumassb,mbpumb001122522,babylabumassb:mbpumb001122522,1,6,IDS,3,eyetracking,352,11.564681724845997,9-12 mo,TRUE,F,TRUE,6.4133,FALSE
babylabumassb,mbpumb007082569,babylabumassb:mbpumb007082569,3,6,IDS,1,eyetracking,256,8.410677618069816,6-9 mo,TRUE,F,TRUE,12.9733,FALSE
babylabumassb,mbpumb029102634,babylabumassb:mbpumb029102634,1,6,IDS,3,eyetracking,291,9.560574948665298,9-12 mo,TRUE,M,TRUE,2.15,FALSE
babylabumassb,mbpumb039112655,babylabumassb:mbpumb039112655,3,6,IDS,1,eyetracking,348,11.433264887063656,9-12 mo,TRUE,M,TRUE,2.25,FALSE
babylabutrecht,804,babylabutrecht:804,4,6,ADS,1,hpp,272,8.936344969199178,6-9 mo,FALSE,M,TRUE,4.118496,FALSE
babylabutrecht,807,babylabutrecht:807,3,6,IDS,1,hpp,256,8.410677618069816,6-9 mo,FALSE,M,TRUE,11.527663,FALSE
babylabutrecht,808,babylabutrecht:808,4,6,ADS,1,hpp,248,8.147843942505133,6-9 mo,FALSE,M,TRUE,12.242212,FALSE
babylingoslo,os022,babylingoslo:os022,1,6,IDS,3,eyetracking,239,7.852156057494867,6-9 mo,FALSE,M,TRUE,NA,TRUE
babylingoslo,os025,babylingoslo:os025,1,6,IDS,3,eyetracking,221,7.260780287474333,6-9 mo,FALSE,F,TRUE,NA,TRUE
babylingoslo,os026,babylingoslo:os026,1,6,IDS,3,eyetracking,268,8.804928131416839,6-9 mo,FALSE,M,TRUE,NA,TRUE
babylingoslo,os028,babylingoslo:os028,3,6,IDS,1,eyetracking,218,7.162217659137577,6-9 mo,FALSE,M,TRUE,NA,TRUE
babylingoslo,os029,babylingoslo:os029,4,6,ADS,1,eyetracking,267,8.772073921971252,6-9 mo,FALSE,F,TRUE,NA,TRUE
babylingoslo,os030,babylingoslo:os030,2,6,ADS,3,eyetracking,243,7.983572895277208,6-9 mo,FALSE,M,TRUE,NA,TRUE
babylingoslo,os031,babylingoslo:os031,3,6,IDS,1,eyetracking,249,8.180698151950718,6-9 mo,FALSE,F,TRUE,11.87,FALSE
babylingoslo,os032,babylingoslo:os032,4,6,ADS,1,eyetracking,245,8.049281314168377,6-9 mo,FALSE,M,TRUE,6.99,FALSE
babylingoslo,os033,babylingoslo:os033,1,6,IDS,3,eyetracking,184,6.04517453798768,6-9 mo,FALSE,M,TRUE,2.63,FALSE
babylingoslo,os034,babylingoslo:os034,2,6,ADS,3,eyetracking,184,6.04517453798768,6-9 mo,FALSE,F,TRUE,2.12,FALSE
babylingoslo,os035,babylingoslo:os035,3,6,IDS,1,eyetracking,184,6.04517453798768,6-9 mo,FALSE,F,TRUE,NA,TRUE
babylingoslo,os036,babylingoslo:os036,4,6,ADS,1,eyetracking,186,6.11088295687885,6-9 mo,FALSE,F,TRUE,NA,TRUE
babylingoslo,os038,babylingoslo:os038,3,6,IDS,1,eyetracking,238,7.819301848049282,6-9 mo,FALSE,M,TRUE,NA,TRUE
babylingoslo,os039,babylingoslo:os039,4,6,ADS,1,eyetracking,188,6.176591375770021,6-9 mo,FALSE,M,TRUE,NA,TRUE
babylingoslo,os040,babylingoslo:os040,2,6,ADS,3,eyetracking,194,6.373716632443532,6-9 mo,FALSE,M,TRUE,3.18,FALSE
babylingoslo,os041,babylingoslo:os041,2,6,ADS,3,eyetracking,236,7.753593429158111,6-9 mo,FALSE,M,TRUE,NA,TRUE
cfnuofn,cflgts,cfnuofn:cflgts,2,6,ADS,3,eyetracking,387,12.714579055441478,12-15 mo,FALSE,F,TRUE,7.22,FALSE
cfnuofn,cfn007,cfnuofn:cfn007,2,6,ADS,3,eyetracking,205,6.7351129363449695,6-9 mo,FALSE,M,TRUE,NA,TRUE
cfnuofn,cfn008,cfnuofn:cfn008,4,6,ADS,1,eyetracking,192,6.308008213552362,6-9 mo,FALSE,F,TRUE,8.48,FALSE
cfnuofn,cfn017,cfnuofn:cfn017,2,6,ADS,3,eyetracking,188,6.176591375770021,6-9 mo,FALSE,F,TRUE,12.29,FALSE
cfnuofn,cfn020,cfnuofn:cfn020,1,6,IDS,3,eyetracking,178,5.848049281314168,3-6 mo,FALSE,F,TRUE,6.04,FALSE
cfnuofn,cfn025,cfnuofn:cfn025,3,6,IDS,1,eyetracking,190,6.242299794661191,6-9 mo,FALSE,F,TRUE,8.74,FALSE
cfnuofn,cfn047,cfnuofn:cfn047,3,6,IDS,1,eyetracking,371,12.188911704312115,12-15 mo,FALSE,M,TRUE,NA,TRUE
cfnuofn,cfnaew,cfnuofn:cfnaew,1,6,IDS,3,eyetracking,383,12.583162217659138,12-15 mo,FALSE,F,TRUE,4.6,FALSE
cfnuofn,cfnbfi12m,cfnuofn:cfnbfi12m,3,6,IDS,1,eyetracking,416,13.66735112936345,12-15 mo,FALSE,M,TRUE,4.36,FALSE
cfnuofn,cfngrn,cfnuofn:cfngrn,3,6,IDS,1,eyetracking,383,12.583162217659138,12-15 mo,FALSE,M,TRUE,NA,TRUE
cfnuofn,cfnjfl6m,cfnuofn:cfnjfl6m,4,6,ADS,1,eyetracking,195,6.406570841889117,6-9 mo,FALSE,M,TRUE,7.6,FALSE
cfnuofn,cfnkji,cfnuofn:cfnkji,4,6,ADS,1,eyetracking,406,13.338809034907598,12-15 mo,FALSE,F,TRUE,6.72,FALSE
cfnuofn,cfnois,cfnuofn:cfnois,3,6,IDS,1,eyetracking,190,6.242299794661191,6-9 mo,FALSE,M,TRUE,16.27,FALSE
cfnuofn,cfnuex,cfnuofn:cfnuex,2,6,ADS,3,eyetracking,392,12.878850102669405,12-15 mo,FALSE,M,TRUE,3.94,FALSE
cfnuofn,cfnxpp12,cfnuofn:cfnxpp12,3,6,IDS,1,eyetracking,391,12.845995893223819,12-15 mo,FALSE,F,TRUE,NA,TRUE
infantcogubc,lf22,infantcogubc:lf22,3,6,IDS,1,singlescreen,146,4.7967145790554415,3-6 mo,TRUE,M,TRUE,15.71,FALSE
infantstudiesubc,mbm10,infantstudiesubc:mbm10,2,6,IDS,1,hpp,227,7.457905544147844,6-9 mo,TRUE,M,TRUE,NA,TRUE
infantstudiesubc,mbm7,infantstudiesubc:mbm7,3,6,IDS,1,hpp,228,7.490759753593429,6-9 mo,TRUE,M,TRUE,5.7057,FALSE
babylabumassb,mbpumb001122522,babylabumassb:mbpumb001122522,1,7,IDS,4,eyetracking,352,11.564681724845997,9-12 mo,TRUE,F,TRUE,12.52,FALSE
babylabumassb,mbpumb007082569,babylabumassb:mbpumb007082569,3,7,ADS,3,eyetracking,256,8.410677618069816,6-9 mo,TRUE,F,TRUE,8.1733,FALSE
babylabumassb,mbpumb029102634,babylabumassb:mbpumb029102634,1,7,IDS,4,eyetracking,291,9.560574948665298,9-12 mo,TRUE,M,TRUE,2.4167,FALSE
babylabumassb,mbpumb039112655,babylabumassb:mbpumb039112655,3,7,ADS,3,eyetracking,348,11.433264887063656,9-12 mo,TRUE,M,TRUE,NA,TRUE
babylabutrecht,804,babylabutrecht:804,4,7,IDS,3,hpp,272,8.936344969199178,6-9 mo,FALSE,M,TRUE,3.386633,FALSE
babylabutrecht,807,babylabutrecht:807,3,7,ADS,3,hpp,256,8.410677618069816,6-9 mo,FALSE,M,TRUE,6.717867,FALSE
babylabutrecht,808,babylabutrecht:808,4,7,IDS,3,hpp,248,8.147843942505133,6-9 mo,FALSE,M,TRUE,3.035651,FALSE
babylingoslo,os022,babylingoslo:os022,1,7,IDS,4,eyetracking,239,7.852156057494867,6-9 mo,FALSE,M,TRUE,5.08,FALSE
babylingoslo,os025,babylingoslo:os025,1,7,IDS,4,eyetracking,221,7.260780287474333,6-9 mo,FALSE,F,TRUE,NA,TRUE
babylingoslo,os026,babylingoslo:os026,1,7,IDS,4,eyetracking,268,8.804928131416839,6-9 mo,FALSE,M,TRUE,NA,TRUE
babylingoslo,os028,babylingoslo:os028,3,7,ADS,3,eyetracking,218,7.162217659137577,6-9 mo,FALSE,M,TRUE,NA,TRUE
babylingoslo,os029,babylingoslo:os029,4,7,IDS,3,eyetracking,267,8.772073921971252,6-9 mo,FALSE,F,TRUE,11.04,FALSE
babylingoslo,os031,babylingoslo:os031,3,7,ADS,3,eyetracking,249,8.180698151950718,6-9 mo,FALSE,F,TRUE,2.76,FALSE
babylingoslo,os032,babylingoslo:os032,4,7,IDS,3,eyetracking,245,8.049281314168377,6-9 mo,FALSE,M,TRUE,5.44,FALSE
babylingoslo,os033,babylingoslo:os033,1,7,IDS,4,eyetracking,184,6.04517453798768,6-9 mo,FALSE,M,TRUE,NA,TRUE
babylingoslo,os034,babylingoslo:os034,2,7,ADS,4,eyetracking,184,6.04517453798768,6-9 mo,FALSE,F,TRUE,3.94,FALSE
babylingoslo,os035,babylingoslo:os035,3,7,ADS,3,eyetracking,184,6.04517453798768,6-9 mo,FALSE,F,TRUE,2.95,FALSE
babylingoslo,os036,babylingoslo:os036,4,7,IDS,3,eyetracking,186,6.11088295687885,6-9 mo,FALSE,F,TRUE,NA,TRUE
babylingoslo,os038,babylingoslo:os038,3,7,ADS,3,eyetracking,238,7.819301848049282,6-9 mo,FALSE,M,TRUE,2.46,FALSE
babylingoslo,os039,babylingoslo:os039,4,7,IDS,3,eyetracking,188,6.176591375770021,6-9 mo,FALSE,M,TRUE,NA,TRUE
babylingoslo,os040,babylingoslo:os040,2,7,ADS,4,eyetracking,194,6.373716632443532,6-9 mo,FALSE,M,TRUE,NA,TRUE
babylingoslo,os041,babylingoslo:os041,2,7,ADS,4,eyetracking,236,7.753593429158111,6-9 mo,FALSE,M,TRUE,NA,TRUE
cfnuofn,cflgts,cfnuofn:cflgts,2,7,ADS,4,eyetracking,387,12.714579055441478,12-15 mo,FALSE,F,TRUE,3.13,FALSE
cfnuofn,cfn007,cfnuofn:cfn007,2,7,ADS,4,eyetracking,205,6.7351129363449695,6-9 mo,FALSE,M,TRUE,NA,TRUE
cfnuofn,cfn008,cfnuofn:cfn008,4,7,IDS,3,eyetracking,192,6.308008213552362,6-9 mo,FALSE,F,TRUE,NA,TRUE
cfnuofn,cfn017,cfnuofn:cfn017,2,7,ADS,4,eyetracking,188,6.176591375770021,6-9 mo,FALSE,F,TRUE,9.08,FALSE
cfnuofn,cfn020,cfnuofn:cfn020,1,7,IDS,4,eyetracking,178,5.848049281314168,3-6 mo,FALSE,F,TRUE,3,FALSE
cfnuofn,cfn025,cfnuofn:cfn025,3,7,ADS,3,eyetracking,190,6.242299794661191,6-9 mo,FALSE,F,TRUE,NA,TRUE
cfnuofn,cfn047,cfnuofn:cfn047,3,7,ADS,3,eyetracking,371,12.188911704312115,12-15 mo,FALSE,M,TRUE,NA,TRUE
cfnuofn,cfnaew,cfnuofn:cfnaew,1,7,IDS,4,eyetracking,383,12.583162217659138,12-15 mo,FALSE,F,TRUE,NA,TRUE
cfnuofn,cfnbfi12m,cfnuofn:cfnbfi12m,3,7,ADS,3,eyetracking,416,13.66735112936345,12-15 mo,FALSE,M,TRUE,7.23,FALSE
cfnuofn,cfngrn,cfnuofn:cfngrn,3,7,ADS,3,eyetracking,383,12.583162217659138,12-15 mo,FALSE,M,TRUE,NA,TRUE
cfnuofn,cfnjfl6m,cfnuofn:cfnjfl6m,4,7,IDS,3,eyetracking,195,6.406570841889117,6-9 mo,FALSE,M,TRUE,9.76,FALSE
cfnuofn,cfnkji,cfnuofn:cfnkji,4,7,IDS,3,eyetracking,406,13.338809034907598,12-15 mo,FALSE,F,TRUE,5.55,FALSE
cfnuofn,cfnois,cfnuofn:cfnois,3,7,ADS,3,eyetracking,190,6.242299794661191,6-9 mo,FALSE,M,TRUE,9.19,FALSE
cfnuofn,cfnuex,cfnuofn:cfnuex,2,7,ADS,4,eyetracking,392,12.878850102669405,12-15 mo,FALSE,M,TRUE,11.44,FALSE
cfnuofn,cfnxpp12,cfnuofn:cfnxpp12,3,7,ADS,3,eyetracking,391,12.845995893223819,12-15 mo,FALSE,F,TRUE,NA,TRUE
infantcogubc,lf22,infantcogubc:lf22,3,7,ADS,3,singlescreen,146,4.7967145790554415,3-6 mo,TRUE,M,TRUE,5.2,FALSE
infantstudiesubc,mbm10,infantstudiesubc:mbm10,2,7,ADS,3,hpp,227,7.457905544147844,6-9 mo,TRUE,M,TRUE,2.969633333,FALSE
infantstudiesubc,mbm7,infantstudiesubc:mbm7,3,7,ADS,3,hpp,228,7.490759753593429,6-9 mo,TRUE,M,TRUE,4.2042,FALSE
babylabumassb,mbpumb001122522,babylabumassb:mbpumb001122522,1,8,ADS,4,eyetracking,352,11.564681724845997,9-12 mo,TRUE,F,TRUE,17.29,FALSE
babylabumassb,mbpumb007082569,babylabumassb:mbpumb007082569,3,8,IDS,3,eyetracking,256,8.410677618069816,6-9 mo,TRUE,F,TRUE,NA,TRUE
babylabumassb,mbpumb029102634,babylabumassb:mbpumb029102634,1,8,ADS,4,eyetracking,291,9.560574948665298,9-12 mo,TRUE,M,TRUE,5.9333,FALSE
babylabutrecht,804,babylabutrecht:804,4,8,ADS,3,hpp,272,8.936344969199178,6-9 mo,FALSE,M,TRUE,6.103264,FALSE
babylabutrecht,807,babylabutrecht:807,3,8,IDS,3,hpp,256,8.410677618069816,6-9 mo,FALSE,M,TRUE,8.98232,FALSE
babylabutrecht,808,babylabutrecht:808,4,8,ADS,3,hpp,248,8.147843942505133,6-9 mo,FALSE,M,TRUE,2.086872,FALSE
babylingoslo,os022,babylingoslo:os022,1,8,ADS,4,eyetracking,239,7.852156057494867,6-9 mo,FALSE,M,TRUE,NA,TRUE
babylingoslo,os025,babylingoslo:os025,1,8,ADS,4,eyetracking,221,7.260780287474333,6-9 mo,FALSE,F,TRUE,NA,TRUE
babylingoslo,os026,babylingoslo:os026,1,8,ADS,4,eyetracking,268,8.804928131416839,6-9 mo,FALSE,M,TRUE,NA,TRUE
babylingoslo,os028,babylingoslo:os028,3,8,IDS,3,eyetracking,218,7.162217659137577,6-9 mo,FALSE,M,TRUE,NA,TRUE
babylingoslo,os029,babylingoslo:os029,4,8,ADS,3,eyetracking,267,8.772073921971252,6-9 mo,FALSE,F,TRUE,NA,TRUE
babylingoslo,os031,babylingoslo:os031,3,8,IDS,3,eyetracking,249,8.180698151950718,6-9 mo,FALSE,F,TRUE,2.17,FALSE
babylingoslo,os032,babylingoslo:os032,4,8,ADS,3,eyetracking,245,8.049281314168377,6-9 mo,FALSE,M,TRUE,6.57,FALSE
babylingoslo,os033,babylingoslo:os033,1,8,ADS,4,eyetracking,184,6.04517453798768,6-9 mo,FALSE,M,TRUE,NA,TRUE
babylingoslo,os034,babylingoslo:os034,2,8,IDS,4,eyetracking,184,6.04517453798768,6-9 mo,FALSE,F,TRUE,3,FALSE
babylingoslo,os035,babylingoslo:os035,3,8,IDS,3,eyetracking,184,6.04517453798768,6-9 mo,FALSE,F,TRUE,2,FALSE
babylingoslo,os036,babylingoslo:os036,4,8,ADS,3,eyetracking,186,6.11088295687885,6-9 mo,FALSE,F,TRUE,NA,TRUE
babylingoslo,os038,babylingoslo:os038,3,8,IDS,3,eyetracking,238,7.819301848049282,6-9 mo,FALSE,M,TRUE,3.34,FALSE
babylingoslo,os039,babylingoslo:os039,4,8,ADS,3,eyetracking,188,6.176591375770021,6-9 mo,FALSE,M,TRUE,NA,TRUE
babylingoslo,os040,babylingoslo:os040,2,8,IDS,4,eyetracking,194,6.373716632443532,6-9 mo,FALSE,M,TRUE,3.93,FALSE
babylingoslo,os041,babylingoslo:os041,2,8,IDS,4,eyetracking,236,7.753593429158111,6-9 mo,FALSE,M,TRUE,NA,TRUE
cfnuofn,cflgts,cfnuofn:cflgts,2,8,IDS,4,eyetracking,387,12.714579055441478,12-15 mo,FALSE,F,TRUE,3.46,FALSE
cfnuofn,cfn007,cfnuofn:cfn007,2,8,IDS,4,eyetracking,205,6.7351129363449695,6-9 mo,FALSE,M,TRUE,NA,TRUE
cfnuofn,cfn008,cfnuofn:cfn008,4,8,ADS,3,eyetracking,192,6.308008213552362,6-9 mo,FALSE,F,TRUE,9.28,FALSE
cfnuofn,cfn017,cfnuofn:cfn017,2,8,IDS,4,eyetracking,188,6.176591375770021,6-9 mo,FALSE,F,TRUE,4.99,FALSE
cfnuofn,cfn020,cfnuofn:cfn020,1,8,ADS,4,eyetracking,178,5.848049281314168,3-6 mo,FALSE,F,TRUE,12.99,FALSE
cfnuofn,cfn025,cfnuofn:cfn025,3,8,IDS,3,eyetracking,190,6.242299794661191,6-9 mo,FALSE,F,TRUE,NA,TRUE
cfnuofn,cfn047,cfnuofn:cfn047,3,8,IDS,3,eyetracking,371,12.188911704312115,12-15 mo,FALSE,M,TRUE,NA,TRUE
cfnuofn,cfnaew,cfnuofn:cfnaew,1,8,ADS,4,eyetracking,383,12.583162217659138,12-15 mo,FALSE,F,TRUE,18,FALSE
cfnuofn,cfnbfi12m,cfnuofn:cfnbfi12m,3,8,IDS,3,eyetracking,416,13.66735112936345,12-15 mo,FALSE,M,TRUE,15.59,FALSE
cfnuofn,cfnjfl6m,cfnuofn:cfnjfl6m,4,8,ADS,3,eyetracking,195,6.406570841889117,6-9 mo,FALSE,M,TRUE,8.76,FALSE
cfnuofn,cfnkji,cfnuofn:cfnkji,4,8,ADS,3,eyetracking,406,13.338809034907598,12-15 mo,FALSE,F,TRUE,NA,TRUE
cfnuofn,cfnois,cfnuofn:cfnois,3,8,IDS,3,eyetracking,190,6.242299794661191,6-9 mo,FALSE,M,TRUE,16.53,FALSE
cfnuofn,cfnuex,cfnuofn:cfnuex,2,8,IDS,4,eyetracking,392,12.878850102669405,12-15 mo,FALSE,M,TRUE,5.98,FALSE
cfnuofn,cfnxpp12,cfnuofn:cfnxpp12,3,8,IDS,3,eyetracking,391,12.845995893223819,12-15 mo,FALSE,F,TRUE,NA,TRUE
infantcogubc,lf22,infantcogubc:lf22,3,8,IDS,3,singlescreen,146,4.7967145790554415,3-6 mo,TRUE,M,TRUE,3.77,FALSE
infantstudiesubc,mbm10,infantstudiesubc:mbm10,2,8,IDS,3,hpp,227,7.457905544147844,6-9 mo,TRUE,M,TRUE,6.7067,FALSE
infantstudiesubc,mbm7,infantstudiesubc:mbm7,3,8,IDS,3,hpp,228,7.490759753593429,6-9 mo,TRUE,M,TRUE,11.24456667,FALSE
babylabumassb,mbpumb001122522,babylabumassb:mbpumb001122522,1,9,ADS,5,eyetracking,352,11.564681724845997,9-12 mo,TRUE,F,TRUE,14.7233,FALSE
babylabumassb,mbpumb007082569,babylabumassb:mbpumb007082569,3,9,ADS,2,eyetracking,256,8.410677618069816,6-9 mo,TRUE,F,TRUE,NA,TRUE
babylabumassb,mbpumb029102634,babylabumassb:mbpumb029102634,1,9,ADS,5,eyetracking,291,9.560574948665298,9-12 mo,TRUE,M,TRUE,NA,TRUE
babylabutrecht,804,babylabutrecht:804,4,9,IDS,2,hpp,272,8.936344969199178,6-9 mo,FALSE,M,TRUE,NA,TRUE
babylabutrecht,807,babylabutrecht:807,3,9,ADS,2,hpp,256,8.410677618069816,6-9 mo,FALSE,M,TRUE,17.002457,FALSE
babylabutrecht,808,babylabutrecht:808,4,9,IDS,2,hpp,248,8.147843942505133,6-9 mo,FALSE,M,TRUE,14.576165,FALSE
babylingoslo,os022,babylingoslo:os022,1,9,ADS,5,eyetracking,239,7.852156057494867,6-9 mo,FALSE,M,TRUE,NA,TRUE
babylingoslo,os025,babylingoslo:os025,1,9,ADS,5,eyetracking,221,7.260780287474333,6-9 mo,FALSE,F,TRUE,NA,TRUE
babylingoslo,os026,babylingoslo:os026,1,9,ADS,5,eyetracking,268,8.804928131416839,6-9 mo,FALSE,M,TRUE,NA,TRUE
babylingoslo,os028,babylingoslo:os028,3,9,ADS,2,eyetracking,218,7.162217659137577,6-9 mo,FALSE,M,TRUE,NA,TRUE
babylingoslo,os029,babylingoslo:os029,4,9,IDS,2,eyetracking,267,8.772073921971252,6-9 mo,FALSE,F,TRUE,6.58,FALSE
babylingoslo,os031,babylingoslo:os031,3,9,ADS,2,eyetracking,249,8.180698151950718,6-9 mo,FALSE,F,TRUE,5.35,FALSE
babylingoslo,os032,babylingoslo:os032,4,9,IDS,2,eyetracking,245,8.049281314168377,6-9 mo,FALSE,M,TRUE,3.17,FALSE
babylingoslo,os033,babylingoslo:os033,1,9,ADS,5,eyetracking,184,6.04517453798768,6-9 mo,FALSE,M,TRUE,NA,TRUE
babylingoslo,os034,babylingoslo:os034,2,9,IDS,5,eyetracking,184,6.04517453798768,6-9 mo,FALSE,F,TRUE,NA,TRUE
babylingoslo,os035,babylingoslo:os035,3,9,ADS,2,eyetracking,184,6.04517453798768,6-9 mo,FALSE,F,TRUE,NA,TRUE
babylingoslo,os036,babylingoslo:os036,4,9,IDS,2,eyetracking,186,6.11088295687885,6-9 mo,FALSE,F,TRUE,NA,TRUE
babylingoslo,os038,babylingoslo:os038,3,9,ADS,2,eyetracking,238,7.819301848049282,6-9 mo,FALSE,M,TRUE,NA,TRUE
babylingoslo,os039,babylingoslo:os039,4,9,IDS,2,eyetracking,188,6.176591375770021,6-9 mo,FALSE,M,TRUE,4.08,FALSE
babylingoslo,os040,babylingoslo:os040,2,9,IDS,5,eyetracking,194,6.373716632443532,6-9 mo,FALSE,M,TRUE,5.55,FALSE
babylingoslo,os041,babylingoslo:os041,2,9,IDS,5,eyetracking,236,7.753593429158111,6-9 mo,FALSE,M,TRUE,NA,TRUE
cfnuofn,cflgts,cfnuofn:cflgts,2,9,IDS,5,eyetracking,387,12.714579055441478,12-15 mo,FALSE,F,TRUE,5.18,FALSE
cfnuofn,cfn007,cfnuofn:cfn007,2,9,IDS,5,eyetracking,205,6.7351129363449695,6-9 mo,FALSE,M,TRUE,NA,TRUE
cfnuofn,cfn008,cfnuofn:cfn008,4,9,IDS,2,eyetracking,192,6.308008213552362,6-9 mo,FALSE,F,TRUE,8.43,FALSE
cfnuofn,cfn017,cfnuofn:cfn017,2,9,IDS,5,eyetracking,188,6.176591375770021,6-9 mo,FALSE,F,TRUE,12.21,FALSE
cfnuofn,cfn020,cfnuofn:cfn020,1,9,ADS,5,eyetracking,178,5.848049281314168,3-6 mo,FALSE,F,TRUE,10.36,FALSE
cfnuofn,cfn025,cfnuofn:cfn025,3,9,ADS,2,eyetracking,190,6.242299794661191,6-9 mo,FALSE,F,TRUE,2.74,FALSE
cfnuofn,cfn047,cfnuofn:cfn047,3,9,ADS,2,eyetracking,371,12.188911704312115,12-15 mo,FALSE,M,TRUE,NA,TRUE
cfnuofn,cfnaew,cfnuofn:cfnaew,1,9,ADS,5,eyetracking,383,12.583162217659138,12-15 mo,FALSE,F,TRUE,12.39,FALSE
cfnuofn,cfnbfi12m,cfnuofn:cfnbfi12m,3,9,ADS,2,eyetracking,416,13.66735112936345,12-15 mo,FALSE,M,TRUE,3.78,FALSE
cfnuofn,cfnjfl6m,cfnuofn:cfnjfl6m,4,9,IDS,2,eyetracking,195,6.406570841889117,6-9 mo,FALSE,M,TRUE,6.01,FALSE
cfnuofn,cfnkji,cfnuofn:cfnkji,4,9,IDS,2,eyetracking,406,13.338809034907598,12-15 mo,FALSE,F,TRUE,NA,TRUE
cfnuofn,cfnois,cfnuofn:cfnois,3,9,ADS,2,eyetracking,190,6.242299794661191,6-9 mo,FALSE,M,TRUE,11.47,FALSE
cfnuofn,cfnuex,cfnuofn:cfnuex,2,9,IDS,5,eyetracking,392,12.878850102669405,12-15 mo,FALSE,M,TRUE,NA,TRUE
cfnuofn,cfnxpp12,cfnuofn:cfnxpp12,3,9,ADS,2,eyetracking,391,12.845995893223819,12-15 mo,FALSE,F,TRUE,NA,TRUE
infantcogubc,lf22,infantcogubc:lf22,3,9,ADS,2,singlescreen,146,4.7967145790554415,3-6 mo,TRUE,M,TRUE,3.9,FALSE
infantstudiesubc,mbm10,infantstudiesubc:mbm10,2,9,ADS,2,hpp,227,7.457905544147844,6-9 mo,TRUE,M,TRUE,3.2032,FALSE
infantstudiesubc,mbm7,infantstudiesubc:mbm7,3,9,ADS,2,hpp,228,7.490759753593429,6-9 mo,TRUE,M,TRUE,NA,TRUE
babylabumassb,mbpumb001122522,babylabumassb:mbpumb001122522,1,10,IDS,5,eyetracking,352,11.564681724845997,9-12 mo,TRUE,F,TRUE,11.8633,FALSE
babylabumassb,mbpumb007082569,babylabumassb:mbpumb007082569,3,10,IDS,2,eyetracking,256,8.410677618069816,6-9 mo,TRUE,F,TRUE,NA,TRUE
babylabumassb,mbpumb029102634,babylabumassb:mbpumb029102634,1,10,IDS,5,eyetracking,291,9.560574948665298,9-12 mo,TRUE,M,TRUE,3.86,FALSE
babylabutrecht,804,babylabutrecht:804,4,10,ADS,2,hpp,272,8.936344969199178,6-9 mo,FALSE,M,TRUE,6.153248,FALSE
babylabutrecht,807,babylabutrecht:807,3,10,IDS,2,hpp,256,8.410677618069816,6-9 mo,FALSE,M,TRUE,7.123325,FALSE
babylabutrecht,808,babylabutrecht:808,4,10,ADS,2,hpp,248,8.147843942505133,6-9 mo,FALSE,M,TRUE,13.641131,FALSE
babylingoslo,os022,babylingoslo:os022,1,10,IDS,5,eyetracking,239,7.852156057494867,6-9 mo,FALSE,M,TRUE,NA,TRUE
babylingoslo,os025,babylingoslo:os025,1,10,IDS,5,eyetracking,221,7.260780287474333,6-9 mo,FALSE,F,TRUE,NA,TRUE
babylingoslo,os026,babylingoslo:os026,1,10,IDS,5,eyetracking,268,8.804928131416839,6-9 mo,FALSE,M,TRUE,3.07,FALSE
babylingoslo,os028,babylingoslo:os028,3,10,IDS,2,eyetracking,218,7.162217659137577,6-9 mo,FALSE,M,TRUE,NA,TRUE
babylingoslo,os029,babylingoslo:os029,4,10,ADS,2,eyetracking,267,8.772073921971252,6-9 mo,FALSE,F,TRUE,NA,TRUE
babylingoslo,os031,babylingoslo:os031,3,10,IDS,2,eyetracking,249,8.180698151950718,6-9 mo,FALSE,F,TRUE,2.03,FALSE
babylingoslo,os032,babylingoslo:os032,4,10,ADS,2,eyetracking,245,8.049281314168377,6-9 mo,FALSE,M,TRUE,5.8,FALSE
babylingoslo,os033,babylingoslo:os033,1,10,IDS,5,eyetracking,184,6.04517453798768,6-9 mo,FALSE,M,TRUE,NA,TRUE
babylingoslo,os034,babylingoslo:os034,2,10,ADS,5,eyetracking,184,6.04517453798768,6-9 mo,FALSE,F,TRUE,NA,TRUE
babylingoslo,os035,babylingoslo:os035,3,10,IDS,2,eyetracking,184,6.04517453798768,6-9 mo,FALSE,F,TRUE,NA,TRUE
babylingoslo,os036,babylingoslo:os036,4,10,ADS,2,eyetracking,186,6.11088295687885,6-9 mo,FALSE,F,TRUE,NA,TRUE
babylingoslo,os038,babylingoslo:os038,3,10,IDS,2,eyetracking,238,7.819301848049282,6-9 mo,FALSE,M,TRUE,NA,TRUE
babylingoslo,os039,babylingoslo:os039,4,10,ADS,2,eyetracking,188,6.176591375770021,6-9 mo,FALSE,M,TRUE,NA,TRUE
babylingoslo,os040,babylingoslo:os040,2,10,ADS,5,eyetracking,194,6.373716632443532,6-9 mo,FALSE,M,TRUE,5.79,FALSE
babylingoslo,os041,babylingoslo:os041,2,10,ADS,5,eyetracking,236,7.753593429158111,6-9 mo,FALSE,M,TRUE,NA,TRUE
cfnuofn,cflgts,cfnuofn:cflgts,2,10,ADS,5,eyetracking,387,12.714579055441478,12-15 mo,FALSE,F,TRUE,4.4,FALSE
cfnuofn,cfn007,cfnuofn:cfn007,2,10,ADS,5,eyetracking,205,6.7351129363449695,6-9 mo,FALSE,M,TRUE,NA,TRUE
cfnuofn,cfn008,cfnuofn:cfn008,4,10,ADS,2,eyetracking,192,6.308008213552362,6-9 mo,FALSE,F,TRUE,7.94,FALSE
cfnuofn,cfn017,cfnuofn:cfn017,2,10,ADS,5,eyetracking,188,6.176591375770021,6-9 mo,FALSE,F,TRUE,6.41,FALSE
cfnuofn,cfn020,cfnuofn:cfn020,1,10,IDS,5,eyetracking,178,5.848049281314168,3-6 mo,FALSE,F,TRUE,3.46,FALSE
cfnuofn,cfn025,cfnuofn:cfn025,3,10,IDS,2,eyetracking,190,6.242299794661191,6-9 mo,FALSE,F,TRUE,NA,TRUE
cfnuofn,cfn047,cfnuofn:cfn047,3,10,IDS,2,eyetracking,371,12.188911704312115,12-15 mo,FALSE,M,TRUE,NA,TRUE
cfnuofn,cfnaew,cfnuofn:cfnaew,1,10,IDS,5,eyetracking,383,12.583162217659138,12-15 mo,FALSE,F,TRUE,3.69,FALSE
cfnuofn,cfnbfi12m,cfnuofn:cfnbfi12m,3,10,IDS,2,eyetracking,416,13.66735112936345,12-15 mo,FALSE,M,TRUE,2.87,FALSE
cfnuofn,cfnjfl6m,cfnuofn:cfnjfl6m,4,10,ADS,2,eyetracking,195,6.406570841889117,6-9 mo,FALSE,M,TRUE,13.27,FALSE
cfnuofn,cfnkji,cfnuofn:cfnkji,4,10,ADS,2,eyetracking,406,13.338809034907598,12-15 mo,FALSE,F,TRUE,NA,TRUE
cfnuofn,cfnois,cfnuofn:cfnois,3,10,IDS,2,eyetracking,190,6.242299794661191,6-9 mo,FALSE,M,TRUE,9.33,FALSE
cfnuofn,cfnuex,cfnuofn:cfnuex,2,10,ADS,5,eyetracking,392,12.878850102669405,12-15 mo,FALSE,M,TRUE,NA,TRUE
cfnuofn,cfnxpp12,cfnuofn:cfnxpp12,3,10,IDS,2,eyetracking,391,12.845995893223819,12-15 mo,FALSE,F,TRUE,NA,TRUE
infantcogubc,lf22,infantcogubc:lf22,3,10,IDS,2,singlescreen,146,4.7967145790554415,3-6 mo,TRUE,M,TRUE,7.61,FALSE
infantstudiesubc,mbm10,infantstudiesubc:mbm10,2,10,IDS,2,hpp,227,7.457905544147844,6-9 mo,TRUE,M,TRUE,3.536866667,FALSE
infantstudiesubc,mbm7,infantstudiesubc:mbm7,3,10,IDS,2,hpp,228,7.490759753593429,6-9 mo,TRUE,M,TRUE,3.770433333,FALSE
babylabumassb,mbpumb001122522,babylabumassb:mbpumb001122522,1,11,ADS,6,eyetracking,352,11.564681724845997,9-12 mo,TRUE,F,TRUE,9.9733,FALSE
babylabutrecht,804,babylabutrecht:804,4,11,ADS,4,hpp,272,8.936344969199178,6-9 mo,FALSE,M,TRUE,4.400016,FALSE
babylabutrecht,807,babylabutrecht:807,3,11,IDS,4,hpp,256,8.410677618069816,6-9 mo,FALSE,M,TRUE,3.042486,FALSE
babylabutrecht,808,babylabutrecht:808,4,11,ADS,4,hpp,248,8.147843942505133,6-9 mo,FALSE,M,TRUE,12.484583,FALSE
babylingoslo,os022,babylingoslo:os022,1,11,ADS,6,eyetracking,239,7.852156057494867,6-9 mo,FALSE,M,TRUE,NA,TRUE
babylingoslo,os025,babylingoslo:os025,1,11,ADS,6,eyetracking,221,7.260780287474333,6-9 mo,FALSE,F,TRUE,NA,TRUE
babylingoslo,os026,babylingoslo:os026,1,11,ADS,6,eyetracking,268,8.804928131416839,6-9 mo,FALSE,M,TRUE,3.48,FALSE
babylingoslo,os028,babylingoslo:os028,3,11,IDS,4,eyetracking,218,7.162217659137577,6-9 mo,FALSE,M,TRUE,NA,TRUE
babylingoslo,os029,babylingoslo:os029,4,11,ADS,4,eyetracking,267,8.772073921971252,6-9 mo,FALSE,F,TRUE,NA,TRUE
babylingoslo,os031,babylingoslo:os031,3,11,IDS,4,eyetracking,249,8.180698151950718,6-9 mo,FALSE,F,TRUE,6.28,FALSE
babylingoslo,os032,babylingoslo:os032,4,11,ADS,4,eyetracking,245,8.049281314168377,6-9 mo,FALSE,M,TRUE,5.28,FALSE
babylingoslo,os033,babylingoslo:os033,1,11,ADS,6,eyetracking,184,6.04517453798768,6-9 mo,FALSE,M,TRUE,NA,TRUE
babylingoslo,os034,babylingoslo:os034,2,11,IDS,6,eyetracking,184,6.04517453798768,6-9 mo,FALSE,F,TRUE,NA,TRUE
babylingoslo,os035,babylingoslo:os035,3,11,IDS,4,eyetracking,184,6.04517453798768,6-9 mo,FALSE,F,TRUE,4.01,FALSE
babylingoslo,os036,babylingoslo:os036,4,11,ADS,4,eyetracking,186,6.11088295687885,6-9 mo,FALSE,F,TRUE,NA,TRUE
babylingoslo,os038,babylingoslo:os038,3,11,IDS,4,eyetracking,238,7.819301848049282,6-9 mo,FALSE,M,TRUE,NA,TRUE
babylingoslo,os039,babylingoslo:os039,4,11,ADS,4,eyetracking,188,6.176591375770021,6-9 mo,FALSE,M,TRUE,2.98,FALSE
babylingoslo,os040,babylingoslo:os040,2,11,IDS,6,eyetracking,194,6.373716632443532,6-9 mo,FALSE,M,TRUE,5.38,FALSE
babylingoslo,os041,babylingoslo:os041,2,11,IDS,6,eyetracking,236,7.753593429158111,6-9 mo,FALSE,M,TRUE,NA,TRUE
cfnuofn,cflgts,cfnuofn:cflgts,2,11,IDS,6,eyetracking,387,12.714579055441478,12-15 mo,FALSE,F,TRUE,NA,TRUE
cfnuofn,cfn007,cfnuofn:cfn007,2,11,IDS,6,eyetracking,205,6.7351129363449695,6-9 mo,FALSE,M,TRUE,NA,TRUE
cfnuofn,cfn008,cfnuofn:cfn008,4,11,ADS,4,eyetracking,192,6.308008213552362,6-9 mo,FALSE,F,TRUE,10.81,FALSE
cfnuofn,cfn017,cfnuofn:cfn017,2,11,IDS,6,eyetracking,188,6.176591375770021,6-9 mo,FALSE,F,TRUE,15.87,FALSE
cfnuofn,cfn020,cfnuofn:cfn020,1,11,ADS,6,eyetracking,178,5.848049281314168,3-6 mo,FALSE,F,TRUE,10.05,FALSE
cfnuofn,cfn025,cfnuofn:cfn025,3,11,IDS,4,eyetracking,190,6.242299794661191,6-9 mo,FALSE,F,TRUE,15.69,FALSE
cfnuofn,cfnaew,cfnuofn:cfnaew,1,11,ADS,6,eyetracking,383,12.583162217659138,12-15 mo,FALSE,F,TRUE,3.53,FALSE
cfnuofn,cfnbfi12m,cfnuofn:cfnbfi12m,3,11,IDS,4,eyetracking,416,13.66735112936345,12-15 mo,FALSE,M,TRUE,NA,TRUE
cfnuofn,cfnjfl6m,cfnuofn:cfnjfl6m,4,11,ADS,4,eyetracking,195,6.406570841889117,6-9 mo,FALSE,M,TRUE,7.14,FALSE
cfnuofn,cfnkji,cfnuofn:cfnkji,4,11,ADS,4,eyetracking,406,13.338809034907598,12-15 mo,FALSE,F,TRUE,NA,TRUE
cfnuofn,cfnois,cfnuofn:cfnois,3,11,IDS,4,eyetracking,190,6.242299794661191,6-9 mo,FALSE,M,TRUE,14.93,FALSE
cfnuofn,cfnuex,cfnuofn:cfnuex,2,11,IDS,6,eyetracking,392,12.878850102669405,12-15 mo,FALSE,M,TRUE,3.31,FALSE
cfnuofn,cfnxpp12,cfnuofn:cfnxpp12,3,11,IDS,4,eyetracking,391,12.845995893223819,12-15 mo,FALSE,F,TRUE,NA,TRUE
infantcogubc,lf22,infantcogubc:lf22,3,11,IDS,4,singlescreen,146,4.7967145790554415,3-6 mo,TRUE,M,TRUE,6.27,FALSE
infantstudiesubc,mbm10,infantstudiesubc:mbm10,2,11,IDS,4,hpp,227,7.457905544147844,6-9 mo,TRUE,M,TRUE,4.1041,FALSE
infantstudiesubc,mbm7,infantstudiesubc:mbm7,3,11,IDS,4,hpp,228,7.490759753593429,6-9 mo,TRUE,M,TRUE,2.2022,FALSE
babylabumassb,mbpumb001122522,babylabumassb:mbpumb001122522,1,12,IDS,6,eyetracking,352,11.564681724845997,9-12 mo,TRUE,F,TRUE,15.85,FALSE
babylabumassb,mbpumb007082569,babylabumassb:mbpumb007082569,3,12,ADS,4,eyetracking,256,8.410677618069816,6-9 mo,TRUE,F,TRUE,2.6067,FALSE
babylabutrecht,804,babylabutrecht:804,4,12,IDS,4,hpp,272,8.936344969199178,6-9 mo,FALSE,M,TRUE,3.156254,FALSE
babylabutrecht,807,babylabutrecht:807,3,12,ADS,4,hpp,256,8.410677618069816,6-9 mo,FALSE,M,TRUE,3.161672,FALSE
babylabutrecht,808,babylabutrecht:808,4,12,IDS,4,hpp,248,8.147843942505133,6-9 mo,FALSE,M,TRUE,6.496966,FALSE
babylingoslo,os022,babylingoslo:os022,1,12,IDS,6,eyetracking,239,7.852156057494867,6-9 mo,FALSE,M,TRUE,NA,TRUE
babylingoslo,os025,babylingoslo:os025,1,12,IDS,6,eyetracking,221,7.260780287474333,6-9 mo,FALSE,F,TRUE,NA,TRUE
babylingoslo,os026,babylingoslo:os026,1,12,IDS,6,eyetracking,268,8.804928131416839,6-9 mo,FALSE,M,TRUE,NA,TRUE
babylingoslo,os028,babylingoslo:os028,3,12,ADS,4,eyetracking,218,7.162217659137577,6-9 mo,FALSE,M,TRUE,NA,TRUE
babylingoslo,os029,babylingoslo:os029,4,12,IDS,4,eyetracking,267,8.772073921971252,6-9 mo,FALSE,F,TRUE,6.13,FALSE
babylingoslo,os031,babylingoslo:os031,3,12,ADS,4,eyetracking,249,8.180698151950718,6-9 mo,FALSE,F,TRUE,3.17,FALSE
babylingoslo,os032,babylingoslo:os032,4,12,IDS,4,eyetracking,245,8.049281314168377,6-9 mo,FALSE,M,TRUE,6.66,FALSE
babylingoslo,os033,babylingoslo:os033,1,12,IDS,6,eyetracking,184,6.04517453798768,6-9 mo,FALSE,M,TRUE,NA,TRUE
babylingoslo,os034,babylingoslo:os034,2,12,ADS,6,eyetracking,184,6.04517453798768,6-9 mo,FALSE,F,TRUE,NA,TRUE
babylingoslo,os035,babylingoslo:os035,3,12,ADS,4,eyetracking,184,6.04517453798768,6-9 mo,FALSE,F,TRUE,NA,TRUE
babylingoslo,os036,babylingoslo:os036,4,12,IDS,4,eyetracking,186,6.11088295687885,6-9 mo,FALSE,F,TRUE,NA,TRUE
babylingoslo,os038,babylingoslo:os038,3,12,ADS,4,eyetracking,238,7.819301848049282,6-9 mo,FALSE,M,TRUE,NA,TRUE
babylingoslo,os039,babylingoslo:os039,4,12,IDS,4,eyetracking,188,6.176591375770021,6-9 mo,FALSE,M,TRUE,3.41,FALSE
babylingoslo,os040,babylingoslo:os040,2,12,ADS,6,eyetracking,194,6.373716632443532,6-9 mo,FALSE,M,TRUE,3.93,FALSE
babylingoslo,os041,babylingoslo:os041,2,12,ADS,6,eyetracking,236,7.753593429158111,6-9 mo,FALSE,M,TRUE,NA,TRUE
cfnuofn,cflgts,cfnuofn:cflgts,2,12,ADS,6,eyetracking,387,12.714579055441478,12-15 mo,FALSE,F,TRUE,7.85,FALSE
cfnuofn,cfn007,cfnuofn:cfn007,2,12,ADS,6,eyetracking,205,6.7351129363449695,6-9 mo,FALSE,M,TRUE,NA,TRUE
cfnuofn,cfn008,cfnuofn:cfn008,4,12,IDS,4,eyetracking,192,6.308008213552362,6-9 mo,FALSE,F,TRUE,7.86,FALSE
cfnuofn,cfn017,cfnuofn:cfn017,2,12,ADS,6,eyetracking,188,6.176591375770021,6-9 mo,FALSE,F,TRUE,5.78,FALSE
cfnuofn,cfn020,cfnuofn:cfn020,1,12,IDS,6,eyetracking,178,5.848049281314168,3-6 mo,FALSE,F,TRUE,3.86,FALSE
cfnuofn,cfn025,cfnuofn:cfn025,3,12,ADS,4,eyetracking,190,6.242299794661191,6-9 mo,FALSE,F,TRUE,NA,TRUE
cfnuofn,cfnaew,cfnuofn:cfnaew,1,12,IDS,6,eyetracking,383,12.583162217659138,12-15 mo,FALSE,F,TRUE,10.27,FALSE
cfnuofn,cfnbfi12m,cfnuofn:cfnbfi12m,3,12,ADS,4,eyetracking,416,13.66735112936345,12-15 mo,FALSE,M,TRUE,NA,TRUE
cfnuofn,cfnjfl6m,cfnuofn:cfnjfl6m,4,12,IDS,4,eyetracking,195,6.406570841889117,6-9 mo,FALSE,M,TRUE,5.04,FALSE
cfnuofn,cfnkji,cfnuofn:cfnkji,4,12,IDS,4,eyetracking,406,13.338809034907598,12-15 mo,FALSE,F,TRUE,NA,TRUE
cfnuofn,cfnois,cfnuofn:cfnois,3,12,ADS,4,eyetracking,190,6.242299794661191,6-9 mo,FALSE,M,TRUE,12.33,FALSE
cfnuofn,cfnuex,cfnuofn:cfnuex,2,12,ADS,6,eyetracking,392,12.878850102669405,12-15 mo,FALSE,M,TRUE,2.47,FALSE
cfnuofn,cfnxpp12,cfnuofn:cfnxpp12,3,12,ADS,4,eyetracking,391,12.845995893223819,12-15 mo,FALSE,F,TRUE,NA,TRUE
infantcogubc,lf22,infantcogubc:lf22,3,12,ADS,4,singlescreen,146,4.7967145790554415,3-6 mo,TRUE,M,TRUE,10.85,FALSE
infantstudiesubc,mbm10,infantstudiesubc:mbm10,2,12,ADS,4,hpp,227,7.457905544147844,6-9 mo,TRUE,M,TRUE,NA,TRUE
babylabumassb,mbpumb001122522,babylabumassb:mbpumb001122522,1,13,IDS,7,eyetracking,352,11.564681724845997,9-12 mo,TRUE,F,TRUE,15.6,FALSE
babylabutrecht,804,babylabutrecht:804,4,13,ADS,6,hpp,272,8.936344969199178,6-9 mo,FALSE,M,TRUE,NA,TRUE
babylabutrecht,807,babylabutrecht:807,3,13,IDS,6,hpp,256,8.410677618069816,6-9 mo,FALSE,M,TRUE,NA,TRUE
babylabutrecht,808,babylabutrecht:808,4,13,ADS,6,hpp,248,8.147843942505133,6-9 mo,FALSE,M,TRUE,3.175723,FALSE
babylingoslo,os022,babylingoslo:os022,1,13,IDS,7,eyetracking,239,7.852156057494867,6-9 mo,FALSE,M,TRUE,NA,TRUE
babylingoslo,os025,babylingoslo:os025,1,13,IDS,7,eyetracking,221,7.260780287474333,6-9 mo,FALSE,F,TRUE,NA,TRUE
babylingoslo,os026,babylingoslo:os026,1,13,IDS,7,eyetracking,268,8.804928131416839,6-9 mo,FALSE,M,TRUE,NA,TRUE
babylingoslo,os028,babylingoslo:os028,3,13,IDS,6,eyetracking,218,7.162217659137577,6-9 mo,FALSE,M,TRUE,NA,TRUE
babylingoslo,os029,babylingoslo:os029,4,13,ADS,6,eyetracking,267,8.772073921971252,6-9 mo,FALSE,F,TRUE,NA,TRUE
babylingoslo,os031,babylingoslo:os031,3,13,IDS,6,eyetracking,249,8.180698151950718,6-9 mo,FALSE,F,TRUE,3.96,FALSE
babylingoslo,os032,babylingoslo:os032,4,13,ADS,6,eyetracking,245,8.049281314168377,6-9 mo,FALSE,M,TRUE,5.93,FALSE
babylingoslo,os033,babylingoslo:os033,1,13,IDS,7,eyetracking,184,6.04517453798768,6-9 mo,FALSE,M,TRUE,NA,TRUE
babylingoslo,os034,babylingoslo:os034,2,13,ADS,7,eyetracking,184,6.04517453798768,6-9 mo,FALSE,F,TRUE,NA,TRUE
babylingoslo,os035,babylingoslo:os035,3,13,IDS,6,eyetracking,184,6.04517453798768,6-9 mo,FALSE,F,TRUE,NA,TRUE
babylingoslo,os036,babylingoslo:os036,4,13,ADS,6,eyetracking,186,6.11088295687885,6-9 mo,FALSE,F,TRUE,NA,TRUE
babylingoslo,os038,babylingoslo:os038,3,13,IDS,6,eyetracking,238,7.819301848049282,6-9 mo,FALSE,M,TRUE,NA,TRUE
babylingoslo,os039,babylingoslo:os039,4,13,ADS,6,eyetracking,188,6.176591375770021,6-9 mo,FALSE,M,TRUE,NA,TRUE
babylingoslo,os040,babylingoslo:os040,2,13,ADS,7,eyetracking,194,6.373716632443532,6-9 mo,FALSE,M,TRUE,2.1,FALSE
babylingoslo,os041,babylingoslo:os041,2,13,ADS,7,eyetracking,236,7.753593429158111,6-9 mo,FALSE,M,TRUE,NA,TRUE
cfnuofn,cflgts,cfnuofn:cflgts,2,13,ADS,7,eyetracking,387,12.714579055441478,12-15 mo,FALSE,F,TRUE,5.13,FALSE
cfnuofn,cfn007,cfnuofn:cfn007,2,13,ADS,7,eyetracking,205,6.7351129363449695,6-9 mo,FALSE,M,TRUE,NA,TRUE
cfnuofn,cfn008,cfnuofn:cfn008,4,13,ADS,6,eyetracking,192,6.308008213552362,6-9 mo,FALSE,F,TRUE,8.87,FALSE
cfnuofn,cfn017,cfnuofn:cfn017,2,13,ADS,7,eyetracking,188,6.176591375770021,6-9 mo,FALSE,F,TRUE,18,FALSE
cfnuofn,cfn020,cfnuofn:cfn020,1,13,IDS,7,eyetracking,178,5.848049281314168,3-6 mo,FALSE,F,TRUE,NA,TRUE
cfnuofn,cfn025,cfnuofn:cfn025,3,13,IDS,6,eyetracking,190,6.242299794661191,6-9 mo,FALSE,F,TRUE,NA,TRUE
cfnuofn,cfnaew,cfnuofn:cfnaew,1,13,IDS,7,eyetracking,383,12.583162217659138,12-15 mo,FALSE,F,TRUE,5.34,FALSE
cfnuofn,cfnbfi12m,cfnuofn:cfnbfi12m,3,13,IDS,6,eyetracking,416,13.66735112936345,12-15 mo,FALSE,M,TRUE,NA,TRUE
cfnuofn,cfnjfl6m,cfnuofn:cfnjfl6m,4,13,ADS,6,eyetracking,195,6.406570841889117,6-9 mo,FALSE,M,TRUE,NA,TRUE
cfnuofn,cfnkji,cfnuofn:cfnkji,4,13,ADS,6,eyetracking,406,13.338809034907598,12-15 mo,FALSE,F,TRUE,NA,TRUE
cfnuofn,cfnois,cfnuofn:cfnois,3,13,IDS,6,eyetracking,190,6.242299794661191,6-9 mo,FALSE,M,TRUE,11.42,FALSE
cfnuofn,cfnuex,cfnuofn:cfnuex,2,13,ADS,7,eyetracking,392,12.878850102669405,12-15 mo,FALSE,M,TRUE,5.54,FALSE
cfnuofn,cfnxpp12,cfnuofn:cfnxpp12,3,13,IDS,6,eyetracking,391,12.845995893223819,12-15 mo,FALSE,F,TRUE,NA,TRUE
infantcogubc,lf22,infantcogubc:lf22,3,13,IDS,6,singlescreen,146,4.7967145790554415,3-6 mo,TRUE,M,TRUE,7.65,FALSE
infantstudiesubc,mbm10,infantstudiesubc:mbm10,2,13,IDS,6,hpp,227,7.457905544147844,6-9 mo,TRUE,M,TRUE,NA,TRUE
infantstudiesubc,mbm7,infantstudiesubc:mbm7,3,13,IDS,6,hpp,228,7.490759753593429,6-9 mo,TRUE,M,TRUE,NA,TRUE
babylabumassb,mbpumb001122522,babylabumassb:mbpumb001122522,1,14,ADS,7,eyetracking,352,11.564681724845997,9-12 mo,TRUE,F,TRUE,13.5133,FALSE
babylabutrecht,804,babylabutrecht:804,4,14,IDS,6,hpp,272,8.936344969199178,6-9 mo,FALSE,M,TRUE,5.547063,FALSE
babylabutrecht,807,babylabutrecht:807,3,14,ADS,6,hpp,256,8.410677618069816,6-9 mo,FALSE,M,TRUE,2.11205,FALSE
babylabutrecht,808,babylabutrecht:808,4,14,IDS,6,hpp,248,8.147843942505133,6-9 mo,FALSE,M,TRUE,14.877135000000001,FALSE
babylingoslo,os022,babylingoslo:os022,1,14,ADS,7,eyetracking,239,7.852156057494867,6-9 mo,FALSE,M,TRUE,NA,TRUE
babylingoslo,os025,babylingoslo:os025,1,14,ADS,7,eyetracking,221,7.260780287474333,6-9 mo,FALSE,F,TRUE,NA,TRUE
babylingoslo,os026,babylingoslo:os026,1,14,ADS,7,eyetracking,268,8.804928131416839,6-9 mo,FALSE,M,TRUE,2.66,FALSE
babylingoslo,os028,babylingoslo:os028,3,14,ADS,6,eyetracking,218,7.162217659137577,6-9 mo,FALSE,M,TRUE,NA,TRUE
babylingoslo,os029,babylingoslo:os029,4,14,IDS,6,eyetracking,267,8.772073921971252,6-9 mo,FALSE,F,TRUE,NA,TRUE
babylingoslo,os031,babylingoslo:os031,3,14,ADS,6,eyetracking,249,8.180698151950718,6-9 mo,FALSE,F,TRUE,5.11,FALSE
babylingoslo,os032,babylingoslo:os032,4,14,IDS,6,eyetracking,245,8.049281314168377,6-9 mo,FALSE,M,TRUE,4.55,FALSE
babylingoslo,os033,babylingoslo:os033,1,14,ADS,7,eyetracking,184,6.04517453798768,6-9 mo,FALSE,M,TRUE,NA,TRUE
babylingoslo,os034,babylingoslo:os034,2,14,IDS,7,eyetracking,184,6.04517453798768,6-9 mo,FALSE,F,TRUE,NA,TRUE
babylingoslo,os035,babylingoslo:os035,3,14,ADS,6,eyetracking,184,6.04517453798768,6-9 mo,FALSE,F,TRUE,NA,TRUE
babylingoslo,os036,babylingoslo:os036,4,14,IDS,6,eyetracking,186,6.11088295687885,6-9 mo,FALSE,F,TRUE,NA,TRUE
babylingoslo,os038,babylingoslo:os038,3,14,ADS,6,eyetracking,238,7.819301848049282,6-9 mo,FALSE,M,TRUE,NA,TRUE
babylingoslo,os039,babylingoslo:os039,4,14,IDS,6,eyetracking,188,6.176591375770021,6-9 mo,FALSE,M,TRUE,NA,TRUE
babylingoslo,os040,babylingoslo:os040,2,14,IDS,7,eyetracking,194,6.373716632443532,6-9 mo,FALSE,M,TRUE,NA,TRUE
babylingoslo,os041,babylingoslo:os041,2,14,IDS,7,eyetracking,236,7.753593429158111,6-9 mo,FALSE,M,TRUE,NA,TRUE
cfnuofn,cflgts,cfnuofn:cflgts,2,14,IDS,7,eyetracking,387,12.714579055441478,12-15 mo,FALSE,F,TRUE,7.24,FALSE
cfnuofn,cfn007,cfnuofn:cfn007,2,14,IDS,7,eyetracking,205,6.7351129363449695,6-9 mo,FALSE,M,TRUE,NA,TRUE
cfnuofn,cfn008,cfnuofn:cfn008,4,14,IDS,6,eyetracking,192,6.308008213552362,6-9 mo,FALSE,F,TRUE,5.6,FALSE
cfnuofn,cfn017,cfnuofn:cfn017,2,14,IDS,7,eyetracking,188,6.176591375770021,6-9 mo,FALSE,F,TRUE,7.96,FALSE
cfnuofn,cfn020,cfnuofn:cfn020,1,14,ADS,7,eyetracking,178,5.848049281314168,3-6 mo,FALSE,F,TRUE,8.2,FALSE
cfnuofn,cfn025,cfnuofn:cfn025,3,14,ADS,6,eyetracking,190,6.242299794661191,6-9 mo,FALSE,F,TRUE,NA,TRUE
cfnuofn,cfnaew,cfnuofn:cfnaew,1,14,ADS,7,eyetracking,383,12.583162217659138,12-15 mo,FALSE,F,TRUE,2.87,FALSE
cfnuofn,cfnbfi12m,cfnuofn:cfnbfi12m,3,14,ADS,6,eyetracking,416,13.66735112936345,12-15 mo,FALSE,M,TRUE,NA,TRUE
cfnuofn,cfnjfl6m,cfnuofn:cfnjfl6m,4,14,IDS,6,eyetracking,195,6.406570841889117,6-9 mo,FALSE,M,TRUE,NA,TRUE
cfnuofn,cfnkji,cfnuofn:cfnkji,4,14,IDS,6,eyetracking,406,13.338809034907598,12-15 mo,FALSE,F,TRUE,NA,TRUE
cfnuofn,cfnois,cfnuofn:cfnois,3,14,ADS,6,eyetracking,190,6.242299794661191,6-9 mo,FALSE,M,TRUE,9.31,FALSE
cfnuofn,cfnuex,cfnuofn:cfnuex,2,14,IDS,7,eyetracking,392,12.878850102669405,12-15 mo,FALSE,M,TRUE,NA,TRUE
cfnuofn,cfnxpp12,cfnuofn:cfnxpp12,3,14,ADS,6,eyetracking,391,12.845995893223819,12-15 mo,FALSE,F,TRUE,NA,TRUE
infantcogubc,lf22,infantcogubc:lf22,3,14,ADS,6,singlescreen,146,4.7967145790554415,3-6 mo,TRUE,M,TRUE,2.63,FALSE
infantstudiesubc,mbm10,infantstudiesubc:mbm10,2,14,ADS,6,hpp,227,7.457905544147844,6-9 mo,TRUE,M,TRUE,3.870533333,FALSE
infantstudiesubc,mbm7,infantstudiesubc:mbm7,3,14,ADS,6,hpp,228,7.490759753593429,6-9 mo,TRUE,M,TRUE,NA,TRUE
babylabumassb,mbpumb001122522,babylabumassb:mbpumb001122522,1,15,ADS,8,eyetracking,352,11.564681724845997,9-12 mo,TRUE,F,TRUE,14.06,FALSE
babylabutrecht,804,babylabutrecht:804,4,15,ADS,8,hpp,272,8.936344969199178,6-9 mo,FALSE,M,TRUE,NA,TRUE
babylabutrecht,807,babylabutrecht:807,3,15,IDS,8,hpp,256,8.410677618069816,6-9 mo,FALSE,M,TRUE,5.016746,FALSE
babylabutrecht,808,babylabutrecht:808,4,15,ADS,8,hpp,248,8.147843942505133,6-9 mo,FALSE,M,TRUE,5.203846,FALSE
babylingoslo,os022,babylingoslo:os022,1,15,ADS,8,eyetracking,239,7.852156057494867,6-9 mo,FALSE,M,TRUE,NA,TRUE
babylingoslo,os025,babylingoslo:os025,1,15,ADS,8,eyetracking,221,7.260780287474333,6-9 mo,FALSE,F,TRUE,NA,TRUE
babylingoslo,os026,babylingoslo:os026,1,15,ADS,8,eyetracking,268,8.804928131416839,6-9 mo,FALSE,M,TRUE,2.66,FALSE
babylingoslo,os028,babylingoslo:os028,3,15,IDS,8,eyetracking,218,7.162217659137577,6-9 mo,FALSE,M,TRUE,NA,TRUE
babylingoslo,os029,babylingoslo:os029,4,15,ADS,8,eyetracking,267,8.772073921971252,6-9 mo,FALSE,F,TRUE,6.34,FALSE
babylingoslo,os031,babylingoslo:os031,3,15,IDS,8,eyetracking,249,8.180698151950718,6-9 mo,FALSE,F,TRUE,4.08,FALSE
babylingoslo,os032,babylingoslo:os032,4,15,ADS,8,eyetracking,245,8.049281314168377,6-9 mo,FALSE,M,TRUE,NA,TRUE
babylingoslo,os033,babylingoslo:os033,1,15,ADS,8,eyetracking,184,6.04517453798768,6-9 mo,FALSE,M,TRUE,NA,TRUE
babylingoslo,os034,babylingoslo:os034,2,15,IDS,8,eyetracking,184,6.04517453798768,6-9 mo,FALSE,F,TRUE,NA,TRUE
babylingoslo,os035,babylingoslo:os035,3,15,IDS,8,eyetracking,184,6.04517453798768,6-9 mo,FALSE,F,TRUE,NA,TRUE
babylingoslo,os036,babylingoslo:os036,4,15,ADS,8,eyetracking,186,6.11088295687885,6-9 mo,FALSE,F,TRUE,NA,TRUE
babylingoslo,os038,babylingoslo:os038,3,15,IDS,8,eyetracking,238,7.819301848049282,6-9 mo,FALSE,M,TRUE,3.21,FALSE
babylingoslo,os039,babylingoslo:os039,4,15,ADS,8,eyetracking,188,6.176591375770021,6-9 mo,FALSE,M,TRUE,NA,TRUE
babylingoslo,os040,babylingoslo:os040,2,15,IDS,8,eyetracking,194,6.373716632443532,6-9 mo,FALSE,M,TRUE,NA,TRUE
babylingoslo,os041,babylingoslo:os041,2,15,IDS,8,eyetracking,236,7.753593429158111,6-9 mo,FALSE,M,TRUE,NA,TRUE
cfnuofn,cflgts,cfnuofn:cflgts,2,15,IDS,8,eyetracking,387,12.714579055441478,12-15 mo,FALSE,F,TRUE,4.42,FALSE
cfnuofn,cfn007,cfnuofn:cfn007,2,15,IDS,8,eyetracking,205,6.7351129363449695,6-9 mo,FALSE,M,TRUE,NA,TRUE
cfnuofn,cfn008,cfnuofn:cfn008,4,15,ADS,8,eyetracking,192,6.308008213552362,6-9 mo,FALSE,F,TRUE,13.35,FALSE
cfnuofn,cfn017,cfnuofn:cfn017,2,15,IDS,8,eyetracking,188,6.176591375770021,6-9 mo,FALSE,F,TRUE,6.95,FALSE
cfnuofn,cfn020,cfnuofn:cfn020,1,15,ADS,8,eyetracking,178,5.848049281314168,3-6 mo,FALSE,F,TRUE,8.73,FALSE
cfnuofn,cfn025,cfnuofn:cfn025,3,15,IDS,8,eyetracking,190,6.242299794661191,6-9 mo,FALSE,F,TRUE,NA,TRUE
cfnuofn,cfnaew,cfnuofn:cfnaew,1,15,ADS,8,eyetracking,383,12.583162217659138,12-15 mo,FALSE,F,TRUE,NA,TRUE
cfnuofn,cfnbfi12m,cfnuofn:cfnbfi12m,3,15,IDS,8,eyetracking,416,13.66735112936345,12-15 mo,FALSE,M,TRUE,NA,TRUE
cfnuofn,cfnjfl6m,cfnuofn:cfnjfl6m,4,15,ADS,8,eyetracking,195,6.406570841889117,6-9 mo,FALSE,M,TRUE,NA,TRUE
cfnuofn,cfnkji,cfnuofn:cfnkji,4,15,ADS,8,eyetracking,406,13.338809034907598,12-15 mo,FALSE,F,TRUE,NA,TRUE
cfnuofn,cfnois,cfnuofn:cfnois,3,15,IDS,8,eyetracking,190,6.242299794661191,6-9 mo,FALSE,M,TRUE,16.87,FALSE
cfnuofn,cfnuex,cfnuofn:cfnuex,2,15,IDS,8,eyetracking,392,12.878850102669405,12-15 mo,FALSE,M,TRUE,NA,TRUE
cfnuofn,cfnxpp12,cfnuofn:cfnxpp12,3,15,IDS,8,eyetracking,391,12.845995893223819,12-15 mo,FALSE,F,TRUE,NA,TRUE
infantcogubc,lf22,infantcogubc:lf22,3,15,IDS,8,singlescreen,146,4.7967145790554415,3-6 mo,TRUE,M,TRUE,9.14,FALSE
infantstudiesubc,mbm10,infantstudiesubc:mbm10,2,15,IDS,8,hpp,227,7.457905544147844,6-9 mo,TRUE,M,TRUE,NA,TRUE
infantstudiesubc,mbm7,infantstudiesubc:mbm7,3,15,IDS,8,hpp,228,7.490759753593429,6-9 mo,TRUE,M,TRUE,NA,TRUE
babylabumassb,mbpumb001122522,babylabumassb:mbpumb001122522,1,16,IDS,8,eyetracking,352,11.564681724845997,9-12 mo,TRUE,F,TRUE,16.3167,FALSE
babylabutrecht,804,babylabutrecht:804,4,16,IDS,8,hpp,272,8.936344969199178,6-9 mo,FALSE,M,TRUE,4.397015,FALSE
babylabutrecht,807,babylabutrecht:807,3,16,ADS,8,hpp,256,8.410677618069816,6-9 mo,FALSE,M,TRUE,6.464821,FALSE
babylabutrecht,808,babylabutrecht:808,4,16,IDS,8,hpp,248,8.147843942505133,6-9 mo,FALSE,M,TRUE,9.097969,FALSE
babylingoslo,os022,babylingoslo:os022,1,16,IDS,8,eyetracking,239,7.852156057494867,6-9 mo,FALSE,M,TRUE,NA,TRUE
babylingoslo,os025,babylingoslo:os025,1,16,IDS,8,eyetracking,221,7.260780287474333,6-9 mo,FALSE,F,TRUE,NA,TRUE
babylingoslo,os026,babylingoslo:os026,1,16,IDS,8,eyetracking,268,8.804928131416839,6-9 mo,FALSE,M,TRUE,NA,TRUE
babylingoslo,os028,babylingoslo:os028,3,16,ADS,8,eyetracking,218,7.162217659137577,6-9 mo,FALSE,M,TRUE,NA,TRUE
babylingoslo,os029,babylingoslo:os029,4,16,IDS,8,eyetracking,267,8.772073921971252,6-9 mo,FALSE,F,TRUE,3.58,FALSE
babylingoslo,os031,babylingoslo:os031,3,16,ADS,8,eyetracking,249,8.180698151950718,6-9 mo,FALSE,F,TRUE,NA,TRUE
babylingoslo,os032,babylingoslo:os032,4,16,IDS,8,eyetracking,245,8.049281314168377,6-9 mo,FALSE,M,TRUE,9.7,FALSE
babylingoslo,os033,babylingoslo:os033,1,16,IDS,8,eyetracking,184,6.04517453798768,6-9 mo,FALSE,M,TRUE,NA,TRUE
babylingoslo,os034,babylingoslo:os034,2,16,ADS,8,eyetracking,184,6.04517453798768,6-9 mo,FALSE,F,TRUE,NA,TRUE
babylingoslo,os035,babylingoslo:os035,3,16,ADS,8,eyetracking,184,6.04517453798768,6-9 mo,FALSE,F,TRUE,NA,TRUE
babylingoslo,os036,babylingoslo:os036,4,16,IDS,8,eyetracking,186,6.11088295687885,6-9 mo,FALSE,F,TRUE,NA,TRUE
babylingoslo,os038,babylingoslo:os038,3,16,ADS,8,eyetracking,238,7.819301848049282,6-9 mo,FALSE,M,TRUE,NA,TRUE
babylingoslo,os039,babylingoslo:os039,4,16,IDS,8,eyetracking,188,6.176591375770021,6-9 mo,FALSE,M,TRUE,NA,TRUE
babylingoslo,os040,babylingoslo:os040,2,16,ADS,8,eyetracking,194,6.373716632443532,6-9 mo,FALSE,M,TRUE,5.22,FALSE
babylingoslo,os041,babylingoslo:os041,2,16,ADS,8,eyetracking,236,7.753593429158111,6-9 mo,FALSE,M,TRUE,NA,TRUE
cfnuofn,cflgts,cfnuofn:cflgts,2,16,ADS,8,eyetracking,387,12.714579055441478,12-15 mo,FALSE,F,TRUE,10,FALSE
cfnuofn,cfn007,cfnuofn:cfn007,2,16,ADS,8,eyetracking,205,6.7351129363449695,6-9 mo,FALSE,M,TRUE,NA,TRUE
cfnuofn,cfn008,cfnuofn:cfn008,4,16,IDS,8,eyetracking,192,6.308008213552362,6-9 mo,FALSE,F,TRUE,NA,TRUE
cfnuofn,cfn017,cfnuofn:cfn017,2,16,ADS,8,eyetracking,188,6.176591375770021,6-9 mo,FALSE,F,TRUE,2.58,FALSE
cfnuofn,cfn020,cfnuofn:cfn020,1,16,IDS,8,eyetracking,178,5.848049281314168,3-6 mo,FALSE,F,TRUE,NA,TRUE
cfnuofn,cfn025,cfnuofn:cfn025,3,16,ADS,8,eyetracking,190,6.242299794661191,6-9 mo,FALSE,F,TRUE,NA,TRUE
cfnuofn,cfnaew,cfnuofn:cfnaew,1,16,IDS,8,eyetracking,383,12.583162217659138,12-15 mo,FALSE,F,TRUE,7.24,FALSE
cfnuofn,cfnbfi12m,cfnuofn:cfnbfi12m,3,16,ADS,8,eyetracking,416,13.66735112936345,12-15 mo,FALSE,M,TRUE,NA,TRUE
cfnuofn,cfnjfl6m,cfnuofn:cfnjfl6m,4,16,IDS,8,eyetracking,195,6.406570841889117,6-9 mo,FALSE,M,TRUE,NA,TRUE
cfnuofn,cfnkji,cfnuofn:cfnkji,4,16,IDS,8,eyetracking,406,13.338809034907598,12-15 mo,FALSE,F,TRUE,NA,TRUE
cfnuofn,cfnois,cfnuofn:cfnois,3,16,ADS,8,eyetracking,190,6.242299794661191,6-9 mo,FALSE,M,TRUE,14.81,FALSE
cfnuofn,cfnuex,cfnuofn:cfnuex,2,16,ADS,8,eyetracking,392,12.878850102669405,12-15 mo,FALSE,M,TRUE,NA,TRUE
cfnuofn,cfnxpp12,cfnuofn:cfnxpp12,3,16,ADS,8,eyetracking,391,12.845995893223819,12-15 mo,FALSE,F,TRUE,NA,TRUE
infantcogubc,lf22,infantcogubc:lf22,3,16,ADS,8,singlescreen,146,4.7967145790554415,3-6 mo,TRUE,M,TRUE,4.85,FALSE
infantstudiesubc,mbm10,infantstudiesubc:mbm10,2,16,ADS,8,hpp,227,7.457905544147844,6-9 mo,TRUE,M,TRUE,2.635966667,FALSE
infantstudiesubc,mbm7,infantstudiesubc:mbm7,3,16,ADS,8,hpp,228,7.490759753593429,6-9 mo,TRUE,M,TRUE,2.869533333,FALSE
